time_s,total_rate_gbps,reconstructed_rate_gbps,ecn_marks
0.0999937,0.6917,0.988142,0
0.100018,2.96443,2.96443,0
0.100026,1.72925,1.97628,0
0.100034,47.0356,47.4308,0
0.100042,213.34,213.439,0
0.10005,20.8498,20.751,0
0.100058,0.296443,0,0
0.100067,115.613,115.613,0
0.100075,149.753,150.198,0
0.100083,121.245,121.542,0
0.100091,96.1957,95.8498,0
0.100099,156.621,157.115,0
0.100107,49.753,49.4071,0
0.100115,50.3953,50.3953,0
0.100123,123.518,123.518,0
0.100131,193.676,193.676,0
0.100139,143.676,143.281,0
0.100148,175.889,175.889,0
0.100156,225.148,225.296,0
0.100164,231.719,232.213,0
0.100172,160.079,160.079,0
0.10018,143.379,143.281,0
0.100188,117.589,117.589,0
0.100196,163.538,164.032,0
0.100204,84.9802,84.9802,0
0.100212,82.0158,82.0158,0
0.10022,160.128,160.079,0
0.100228,165.909,166.008,0
0.100237,235.672,236.166,0
0.100245,245.257,245.059,0
0.100253,270.059,269.763,0
0.100261,306.028,306.324,0
0.100269,305.83,306.324,0
0.100277,364.921,364.625,0
0.100285,393.972,394.269,0
0.100293,495.652,496.047,0
0.100301,468.379,468.379,0
0.100309,432.312,432.806,2
0.100318,360.672,360.672,2
0.100326,512.055,511.858,4
0.100334,487.154,487.154,45
0.100342,455.83,455.534,77
0.10035,372.925,372.53,130
0.100358,343.577,343.874,147
0.100366,280.632,280.632,147
0.100374,253.953,253.953,148
0.100382,212.451,212.451,149
0.10039,162.747,163.043,125
0.100398,201.927,201.581,125
0.100407,241.107,241.107,124
0.100415,243.083,243.083,123
0.100423,246.047,246.047,125
0.100431,143.972,144.269,124
0.100439,143.972,144.269,125
0.100447,113.636,113.636,135
0.100455,140.02,140.316,136
0.100463,115.613,115.613,136
0.100471,144.565,144.269,135
0.100479,147.233,147.233,119
0.100488,177.223,176.877,44
0.100496,234.486,234.19,55
0.100504,94.5652,94.8617,49
0.100512,221.344,221.344,61
0.10052,144.664,144.269,104
0.100528,172.925,172.925,54
0.100536,157.115,157.115,39
0.100544,161.067,161.067,24
0.100552,226.087,226.285,24
0.10056,299.753,299.407,1
0.100569,423.419,423.913,0
0.100577,372.925,372.53,0
0.100585,321.937,322.134,0
0.100593,312.253,312.253,0
0.100601,313.982,314.229,1
0.100609,317.787,318.182,5
0.100617,317.688,318.182,5
0.100625,406.077,406.126,22
0.100633,375.198,375.494,78
0.100641,329.545,330.04,96
0.100649,322.134,322.134,161
0.100658,329.348,329.051,104
0.100666,475.296,475.296,125
0.100674,446.64,446.64,170
0.100682,388.735,388.34,176
0.10069,301.136,301.383,162
0.100698,257.905,257.905,158
0.100706,316.206,316.206,157
0.100714,309.19,309.289,145
0.100722,278.656,278.656,147
0.10073,265.81,265.81,126
0.100739,258.893,258.893,54
0.100747,265.514,265.81,44
0.100755,217.391,217.391,36
0.100763,265.761,265.81,56
0.100771,280.385,280.632,51
0.100779,270.751,270.751,34
0.100787,272.727,272.727,2
0.100795,261.215,260.87,2
0.100803,180.83,180.83,2
0.100811,176.877,176.877,0
0.100819,175.296,174.901,3
0.100828,215.415,215.415,2
0.100836,231.818,232.213,2
0.100844,232.51,232.213,1
0.100852,246.739,247.036,2
0.10086,335.968,335.968,2
0.100868,322.53,322.134,2
0.100876,306.324,306.324,2
0.100884,340.267,339.921,1
0.100892,213.34,213.439,2
0.1009,139.723,139.328,0
0.100909,143.478,143.281,0
0.100917,151.334,151.186,0
0.100925,179.842,179.842,0
0.100933,145.652,145.257,0
0.100941,184.783,184.783,0
0.100949,124.506,124.506,0
0.100957,187.747,187.747,0
0.100965,228.458,228.261,0
0.100973,218.083,218.379,0
0.100981,290.514,290.514,0
0.10099,219.368,219.368,0
0.100998,135.375,135.375,0
0.101006,161.067,161.067,0
0.101014,204.545,204.545,0
0.101022,179.842,179.842,0
0.10103,167.885,167.984,0
0.101038,289.526,289.526,0
0.101046,412.055,412.055,0
0.101054,400.198,400.198,2
0.101062,228.162,228.261,4
0.10107,158.794,159.091,26
0.101079,158.103,158.103,85
0.101087,160.524,160.079,116
0.101095,161.166,161.067,127
0.101103,265.415,265.81,147
0.101111,191.7,191.7,121
0.101119,136.117,136.364,99
0.101127,100.791,100.791,99
0.101135,233.399,233.202,98
0.101143,159.783,160.079,99
0.101151,232.708,233.202,99
0.10116,181.818,181.818,99
0.101168,110.375,110.672,96
0.101176,36.6601,36.5613,16
0.101184,60.8696,61.2648,17
0.101192,174.901,174.901,17
0.1012,133.893,134.387,17
0.101208,183.3,183.794,12
0.101216,163.686,164.032,0
0.101224,134.684,134.387,0
0.101232,139.723,139.328,0
0.10124,138.636,138.34,0
0.101249,140.316,140.316,0
0.101257,250.988,250.988,0
0.101265,216.107,216.403,0
0.101273,163.389,163.043,0
0.101281,215.119,215.415,0
0.101289,126.828,126.482,0
0.101297,116.7,116.601,0
0.101305,118.083,118.577,0
0.101313,223.024,223.32,0
0.101321,279.545,279.644,0
0.10133,210.968,211.462,0
0.101338,245.059,245.059,0
0.101346,244.763,245.059,0
0.101354,566.206,566.206,0
0.101362,676.877,676.877,1
0.10137,652.767,653.162,5
0.101378,426.877,426.877,4
0.101386,464.13,464.427,7
0.101394,504.545,504.941,20
0.101402,506.423,506.917,35
0.10141,511.858,511.858,72
0.101419,529.644,529.644,118
0.101427,438.093,437.747,176
0.101435,426.482,426.877,339
0.101443,398.617,398.221,249
0.101451,427.273,426.877,226
0.101459,384.98,385.375,235
0.101467,382.263,382.411,261
0.101475,337.253,336.957,291
0.101483,304.941,305.336,268
0.101491,339.526,339.921,227
0.1015,240.119,240.119,232
0.101508,241.206,241.107,229
0.101516,259.289,258.893,235
0.101524,307.856,308.3,220
0.101532,404.743,405.138,218
0.10154,300.445,300.395,224
0.101548,269.17,268.775,134
0.101556,231.571,231.225,125
0.101564,223.32,223.32,121
0.101572,265.119,264.822,117
0.101581,307.609,307.312,107
0.101589,240.81,241.107,98
0.101597,290.613,290.514,54
0.101605,384.437,384.387,64
0.101613,324.457,324.111,50
0.101621,338.538,338.933,15
0.101629,289.526,289.526,13
0.101637,201.186,201.581,10
0.101645,200.296,200.593,2
0.101653,289.229,289.526,3
0.101661,289.229,289.526,3
0.10167,299.605,299.407,3
0.101678,261.858,261.858,15
0.101686,214.427,214.427,31
0.101694,183.794,183.794,41
0.101702,189.427,189.723,48
0.10171,332.609,333.004,48
0.101718,319.17,319.17,47
0.101726,261.858,261.858,48
0.101734,263.834,263.834,72
0.101742,321.542,321.146,13
0.101751,334.98,334.98,0
0.101759,235.524,235.178,0
0.101767,240.069,240.119,2
0.101775,318.874,319.17,3
0.101783,290.119,290.514,2
0.101791,308.696,308.3,2
0.101799,370.751,370.553,4
0.101807,335.573,335.968,6
0.101815,285.573,285.573,44
0.101823,305.83,306.324,81
0.101831,294.713,294.466,111
0.10184,264.822,264.822,110
0.101848,165.514,166.008,76
0.101856,206.522,206.522,140
0.101864,260.87,260.87,184
0.101872,346.443,346.838,211
0.10188,323.123,323.123,227
0.101888,328.557,329.051,154
0.101896,216.897,217.391,152
0.101904,227.964,228.261,155
0.101912,306.028,306.324,146
0.101921,294.466,294.466,174
0.101929,334.98,334.98,180
0.101937,235.178,235.178,151
0.101945,204.891,204.545,183
0.101953,197.233,197.628,238
0.101961,286.265,286.561,187
0.101969,299.407,299.407,178
0.101977,511.413,511.858,166
0.101985,419.664,419.96,154
0.101993,491.453,491.107,152
0.102002,316.206,316.206,185
0.10201,279.249,279.644,161
0.102018,267.787,267.787,146
0.102026,313.241,313.241,173
0.102034,241.107,241.107,205
0.102042,235.326,235.178,181
0.10205,227.223,227.273,186
0.102058,213.785,213.439,151
0.102066,266.502,266.798,134
0.102074,286.561,286.561,151
0.102082,283.597,283.597,155
0.102091,337.945,337.945,136
0.102099,260.474,260.87,110
0.102107,173.123,172.925,153
0.102115,355.583,355.731,153
0.102123,363.142,363.636,142
0.102131,360.672,360.672,145
0.102139,324.605,325.099,77
0.102147,255.237,254.941,71
0.102155,238.142,238.142,113
0.102163,271.739,271.739,126
0.102172,331.225,331.028,185
0.10218,264.526,264.822,194
0.102188,259.881,259.881,166
0.102196,251.976,251.976,211
0.102204,249.407,249.012,217
0.102212,305.978,306.324,256
0.10222,257.905,257.905,257
0.102228,410.079,410.079,248
0.102236,343.725,343.874,223
0.102244,373.024,373.518,236
0.102252,370.553,370.553,248
0.102261,386.561,386.364,242
0.102269,425.692,425.889,281
0.102277,411.709,412.055,334
0.102285,413.043,413.043,415
0.102293,317.243,317.194,418
0.102301,321.838,322.134,404
0.102309,261.067,260.87,325
0.102317,335.326,334.98,320
0.102325,330.04,330.04,335
0.102333,376.482,376.482,277
0.102342,401.779,402.174,264
0.10235,392.391,392.292,277
0.102358,380.04,380.435,264
0.102366,371.393,371.542,271
0.102374,370.553,370.553,266
0.102382,528.854,528.656,302
0.10239,397.431,397.233,300
0.102398,361.66,361.66,312
0.102406,444.466,444.664,315
0.102414,311.265,311.265,285
0.102422,258.992,258.893,199
0.102431,256.868,256.917,217
0.102439,256.917,256.917,197
0.102447,257.905,257.905,192
0.102455,234.19,234.19,196
0.102463,317.49,317.194,169
0.102471,322.974,323.123,157
0.102479,340.316,339.921,99
0.102487,300.395,300.395,98
0.102495,279.644,279.644,81
0.102503,371.542,371.542,65
0.102512,390.316,390.316,92
0.10252,370.899,370.553,90
0.102528,273.715,273.715,68
0.102536,270.455,270.751,90
0.102544,250.988,250.988,99
0.102552,254.644,254.941,98
0.10256,280.632,280.632,99
0.102568,283.202,283.597,99
0.102576,301.383,301.383,60
0.102584,291.502,291.502,60
0.102593,278.953,278.656,85
0.102601,261.858,261.858,122
0.102609,232.213,232.213,144
0.102617,247.134,247.036,191
0.102625,352.767,352.767,192
0.102633,297.431,297.431,183
0.102641,296.838,296.443,184
0.102649,307.164,307.312,192
0.102657,306.818,307.312,247
0.102665,243.083,243.083,245
0.102673,242.787,243.083,235
0.102682,215.415,215.415,202
0.10269,345.85,345.85,226
0.102698,260.079,259.881,257
0.102706,268.775,268.775,241
0.102714,240.514,240.119,291
0.102722,237.154,237.154,291
0.10273,193.676,193.676,285
0.102738,167.984,167.984,270
0.102746,166.996,166.996,256
0.102754,160.079,160.079,244
0.102763,153.656,154.15,203
0.102771,153.656,154.15,145
0.102779,157.708,158.103,175
0.102787,227.866,228.261,185
0.102795,250.988,250.988,183
0.102803,173.123,172.925,187
0.102811,270.751,270.751,189
0.102819,293.478,293.478,194
0.102827,242.787,243.083,149
0.102835,145.85,146.245,150
0.102843,214.427,214.427,145
0.102852,203.409,203.557,125
0.10286,146.245,146.245,125
0.102868,146.245,146.245,99
0.102876,184.98,184.783,79
0.102884,183.3,183.794,76
0.102892,171.64,171.937,126
0.1029,148.221,148.221,80
0.102908,209.486,209.486,81
0.102916,191.7,191.7,79
0.102924,157.905,158.103,80
0.102933,174.407,174.901,110
0.102941,153.162,153.162,82
0.102949,194.466,194.664,90
0.102957,229.249,229.249,126
0.102965,444.664,444.664,125
0.102973,348.814,348.814,126
0.102981,252.964,252.964,126
0.102989,251.482,251.976,126
0.102997,240.217,240.119,126
0.103005,238.488,238.142,81
0.103014,348.814,348.814,61
0.103022,354.743,354.743,57
0.10303,328.557,329.051,56
0.103038,236.759,237.154,58
0.103046,189.427,189.723,84
0.103054,187.352,187.747,52
0.103062,298.419,298.419,32
0.10307,181.423,181.818,28
0.103078,180.04,179.842,19
0.103086,180.83,180.83,8
0.103094,161.413,161.067,0
0.103103,157.46,157.115,0
0.103111,190.711,190.711,0
0.103119,298.024,298.419,0
0.103127,373.518,373.518,0
0.103135,427.569,427.866,0
0.103143,367.935,367.589,0
0.103151,340.909,340.909,0
0.103159,195.455,195.652,0
0.103167,195.85,195.652,0
0.103175,268.775,268.775,0
0.103184,241.107,241.107,0
0.103192,203.162,203.557,0
0.1032,307.806,308.3,1
0.103208,444.664,444.664,0
0.103216,421.344,420.949,0
0.103224,366.107,366.601,1
0.103232,335.672,335.968,3
0.10324,335.079,334.98,1
0.103248,443.676,443.676,2
0.103256,427.767,427.866,2
0.103264,483.202,483.202,4
0.103273,564.625,564.229,5
0.103281,517.144,516.798,10
0.103289,470.356,470.356,13
0.103297,433.103,432.806,14
0.103305,350.791,350.791,16
0.103313,292.49,292.49,17
0.103321,286.561,286.561,9
0.103329,267.49,267.787,11
0.103337,236.858,237.154,10
0.103345,259.881,259.881,21
0.103354,252.569,252.964,35
0.103362,219.763,219.368,47
0.10337,261.561,261.858,56
0.103378,270.109,269.763,63
0.103386,247.925,248.024,61
0.103394,254.051,253.953,115
0.103402,212.945,213.439,137
0.10341,259.881,259.881,147
0.103418,347.431,347.826,90
0.103426,385.968,386.364,45
0.103434,435.425,435.771,50
0.103443,349.16,348.814,137
0.103451,396.542,396.245,143
0.103459,358.3,358.696,140
0.103467,316.551,316.206,146
0.103475,300.395,300.395,180
0.103483,322.48,322.134,224
0.103491,260.87,260.87,311
0.103499,263.834,263.834,304
0.103507,325.099,325.099,302
0.103515,352.717,352.767,303
0.103524,287.055,287.549,323
0.103532,250.939,250.988,307
0.10354,272.085,271.739,237
0.103548,363.636,363.636,256
0.103556,393.972,394.269,252
0.103564,385.178,385.375,251
0.103572,307.312,307.312,244
0.10358,284.931,284.585,210
0.103588,294.466,294.466,171
0.103596,234.19,234.19,164
0.103605,238.142,238.142,165
0.103613,237.055,237.154,163
0.103621,290.02,290.514,134
0.103629,210.474,210.474,143
0.103637,211.166,211.462,167
0.103645,320.158,320.158,162
0.103653,323.024,323.123,130
0.103661,294.466,294.466,111
0.103669,283.597,283.597,110
0.103677,270.949,270.751,127
0.103685,260.87,260.87,152
0.103694,233.498,233.202,181
0.103702,319.516,319.17,274
0.10371,327.372,327.075,251
0.103718,325.642,326.087,250
0.103726,268.132,267.787,220
0.103734,317.836,318.182,223
0.103742,352.075,351.779,331
0.10375,261.215,260.87,261
0.103758,289.526,289.526,231
0.103766,234.881,235.178,218
0.103775,280.484,280.632,209
0.103783,274.704,274.704,176
0.103791,283.992,283.597,174
0.103799,383.399,383.399,229
0.103807,369.862,369.565,201
0.103815,379.842,379.447,208
0.103823,401.877,402.174,150
0.103831,397.233,397.233,168
0.103839,297.48,297.431,189
0.103847,293.083,293.478,118
0.103855,290.514,290.514,121
0.103864,353.113,352.767,117
0.103872,239.625,240.119,120
0.10388,283.202,283.597,109
0.103888,260.573,260.87,123
0.103896,262.204,261.858,106
0.103904,311.018,311.265,95
0.103912,301.383,301.383,60
0.10392,259.289,258.893,37
0.103928,279.644,279.644,37
0.103936,368.281,368.577,35
0.103945,425.494,425.889,32
0.103953,455.83,455.534,20
0.103961,354.249,354.743,12
0.103969,333.004,333.004,7
0.103977,287.401,287.549,2
0.103985,375.198,375.494,2
0.103993,337.549,337.945,11
0.104001,376.482,376.482,20
0.104009,276.779,276.68,34
0.104017,369.071,369.565,39
0.104026,347.431,347.826,32
0.104034,327.075,327.075,47
0.104042,327.372,327.075,41
0.10405,319.219,319.17,33
0.104058,314.723,315.217,24
0.104066,429.842,429.842,10
0.104074,382.708,382.411,7
0.104082,379.298,379.447,2
0.10409,393.775,394.269,0
0.104098,331.028,331.028,1
0.104106,310.771,311.265,1
0.104115,344.466,344.862,1
0.104123,401.235,401.186,1
0.104131,415.02,415.02,1
0.104139,380.138,380.435,1
0.104147,466.798,466.403,1
0.104155,493.379,493.083,0
0.104163,534.98,534.585,1
0.104171,536.561,536.561,1
0.104179,521.739,521.739,0
0.104187,536.561,536.561,1
0.104196,559.98,560.277,1
0.104204,623.518,623.518,2
0.104212,548.419,548.419,5
0.10422,539.822,539.526,8
0.104228,483.103,483.202,24
0.104236,499.209,499.012,59
0.104244,442.589,442.688,87
0.104252,431.818,431.818,77
0.10426,399.457,399.209,180
0.104268,466.798,466.403,161
0.104276,407.115,407.115,173
0.104285,285.573,285.573,172
0.104293,334.98,334.98,163
0.104301,374.407,374.506,152
0.104309,393.972,394.269,193
0.104317,448.617,448.617,202
0.104325,455.83,455.534,188
0.104333,369.219,369.565,185
0.104341,369.071,369.565,135
0.104349,477.273,477.273,153
0.104357,495.01,495.059,228
0.104366,529.2,529.644,202
0.104374,589.13,588.933,152
0.104382,514.476,514.822,131
0.10439,470.949,471.344,56
0.104398,407.806,408.103,60
0.104406,520.257,520.751,47
0.104414,552.717,552.372,147
0.104422,481.225,481.225,85
0.10443,465.415,465.415,70
0.104438,365.613,365.613,40
0.104446,343.874,343.874,42
0.104455,471.344,471.344,32
0.104463,465.415,465.415,16
0.104471,457.213,457.51,14
0.104479,422.925,422.925,8
0.104487,330.04,330.04,17
0.104495,282.955,282.609,58
0.104503,282.658,282.609,81
0.104511,255.929,255.929,115
0.104519,349.407,349.802,113
0.104527,415.02,415.02,164
0.104536,474.308,474.308,125
0.104544,362.994,362.648,125
0.104552,367.589,367.589,125
0.10456,384.387,384.387,175
0.104568,376.186,376.482,127
0.104576,343.478,343.874,127
0.104584,339.822,339.921,127
0.104592,345.85,345.85,133
0.1046,306.324,306.324,144
0.104608,276.235,276.68,178
0.104617,271.937,271.739,181
0.104625,332.312,332.016,198
0.104633,326.433,326.087,266
0.104641,299.308,299.407,247
0.104649,349.802,349.802,282
0.104657,288.538,288.538,239
0.104665,368.577,368.577,217
0.104673,292.836,292.49,231
0.104681,293.478,293.478,229
0.104689,225.296,225.296,223
0.104697,227.767,228.261,175
0.104706,281.966,281.621,222
0.104714,289.526,289.526,269
0.104722,243.775,244.071,196
0.10473,368.577,368.577,167
0.104738,352.767,352.767,118
0.104746,354.298,354.743,150
0.104754,354.249,354.743,147
0.104762,269.763,269.763,133
0.10477,272.332,272.727,175
0.104778,325.445,325.099,170
0.104787,309.289,309.289,155
0.104795,241.7,242.095,113
0.104803,242.688,243.083,115
0.104811,243.083,243.083,117
0.104819,245.553,246.047,116
0.104827,279.644,279.644,118
0.104835,289.032,289.526,116
0.104843,324.605,325.099,162
0.104851,346.838,346.838,233
0.104859,376.828,376.482,258
0.104867,504.941,504.941,308
0.104876,508.893,508.893,403
0.104884,508.893,508.893,409
0.104892,478.261,478.261,398
0.1049,431.818,431.818,368
0.104908,431.324,431.818,271
0.104916,430.435,430.83,240
0.104924,429.842,429.842,268
0.104932,430.83,430.83,319
0.10494,441.403,441.7,282
0.104948,532.609,532.609,291
0.104957,446.64,446.64,298
0.104965,416.897,416.996,298
0.104973,378.162,378.458,349
0.104981,387.352,387.352,367
0.104989,395.257,395.257,383
0.104997,445.356,445.652,329
0.105005,426.186,425.889,360
0.105013,410.573,411.067,345
0.105021,401.186,401.186,343
0.105029,333.745,333.992,329
0.105038,422.925,422.925,320
0.105046,417.688,417.984,361
0.105054,416.601,416.996,346
0.105062,488.142,488.142,323
0.10507,422.036,421.937,325
0.105078,416.996,416.996,327
0.105086,416.996,416.996,339
0.105094,420.257,419.96,336
0.105102,485.178,485.178,342
0.10511,574.605,575.099,361
0.105118,523.962,523.715,281
0.105127,518.182,517.787,302
0.105135,514.328,514.822,318
0.105143,509.486,509.881,313
0.105151,508.893,508.893,378
0.105159,515.86,515.81,378
0.105167,506.917,506.917,373
0.105175,515.761,515.81,380
0.105183,549.753,549.407,372
0.105191,448.617,448.617,366
0.105199,350.791,350.791,373
0.105208,345.85,345.85,363
0.105216,346.838,346.838,285
0.105224,345.85,345.85,291
0.105232,417.49,417.984,314
0.10524,392.243,392.292,313
0.105248,427.866,427.866,291
0.105256,368.577,368.577,283
0.105264,424.901,424.901,290
0.105272,422.925,422.925,270
0.10528,561.265,561.265,244
0.105288,542.836,542.49,267
0.105297,538.735,538.538,266
0.105305,441.996,441.7,263
0.105313,374.605,374.506,239
0.105321,350.791,350.791,241
0.105329,403.162,403.162,260
0.105337,582.905,583.004,244
0.105345,460.326,460.474,285
0.105353,531.719,531.621,221
0.105361,410.573,411.067,203
0.105369,354.743,354.743,227
0.105378,351.186,350.791,211
0.105386,417.984,417.984,206
0.105394,419.466,419.96,313
0.105402,336.957,336.957,228
0.10541,413.636,414.032,225
0.105418,416.354,416.008,290
0.105426,387.648,387.352,275
0.105434,402.569,402.174,233
0.105442,347.826,347.826,259
0.10545,422.925,422.925,250
0.105458,410.672,411.067,253
0.105467,413.538,414.032,396
0.105475,451.581,451.581,411
0.105483,501.976,501.976,386
0.105491,392.589,392.292,363
0.105499,429.051,428.854,357
0.105507,490.119,490.119,386
0.105515,384.387,384.387,393
0.105523,346.591,346.838,361
0.105531,346.344,346.838,330
0.105539,330.435,330.04,326
0.105548,361.66,361.66,350
0.105556,368.281,368.577,304
0.105564,454.545,454.545,327
0.105572,435.128,434.783,315
0.10558,406.324,406.126,312
0.105588,425.889,425.889,321
0.105596,406.126,406.126,349
0.105604,428.854,428.854,341
0.105612,527.668,527.668,430
0.10562,452.619,452.569,491
0.105629,461.858,461.462,518
0.105637,426.581,426.877,541
0.105645,313.587,313.241,518
0.105653,321.443,321.146,438
0.105661,297.925,298.419,342
0.105669,306.917,307.312,293
0.105677,309.289,309.289,278
0.105685,310.375,310.277,316
0.105693,310.277,310.277,306
0.105701,309.486,309.289,293
0.105709,399.209,399.209,283
0.105718,533.597,533.597,241
0.105726,550.741,550.395,217
0.105734,576.087,576.087,190
0.105742,439.13,438.735,243
0.10575,401.976,402.174,259
0.105758,399.209,399.209,247
0.105766,316.206,316.206,233
0.105774,298.419,298.419,235
0.105782,388.933,389.328,185
0.10579,326.285,326.087,172
0.105799,326.581,327.075,253
0.105807,369.615,369.565,184
0.105815,296.047,296.443,198
0.105823,303.656,303.36,251
0.105831,307.312,307.312,229
0.105839,317.194,317.194,215
0.105847,456.522,456.522,300
0.105855,462.451,462.451,334
0.105863,598.172,597.826,310
0.105871,463.933,464.427,270
0.105879,416.996,416.996,231
0.105888,378.211,378.458,251
0.105896,498.715,499.012,267
0.105904,410.03,410.079,315
0.105912,342.885,342.885,251
0.10592,337.451,337.945,195
0.105928,478.854,479.249,208
0.105936,375.494,375.494,188
0.105944,437.747,437.747,237
0.105952,368.182,368.577,181
0.10596,346.146,345.85,194
0.105969,350.791,350.791,195
0.105977,373.913,373.518,212
0.105985,401.779,402.174,236
0.105993,355.534,355.731,232
0.106001,351.285,351.779,227
0.106009,348.814,348.814,215
0.106017,447.628,447.628,220
0.106025,508.251,507.905,225
0.106033,434.832,434.783,222
0.106041,434.783,434.783,216
0.10605,305.336,305.336,215
0.106058,282.708,282.609,209
0.106066,355.089,354.743,204
0.106074,305.336,305.336,203
0.106082,304.348,304.348,199
0.10609,304.447,304.348,240
0.106098,277.174,277.668,211
0.106106,259.881,259.881,195
0.106114,276.433,276.68,181
0.106122,390.02,390.316,174
0.10613,355.731,355.731,182
0.106139,312.253,312.253,127
0.106147,316.206,316.206,134
0.106155,360.178,360.672,128
0.106163,361.265,361.66,180
0.106171,310.277,310.277,213
0.106179,308.3,308.3,152
0.106187,294.466,294.466,134
0.106195,301.087,301.383,94
0.106203,260.771,260.87,83
0.106211,328.656,329.051,63
0.10622,316.798,317.194,57
0.106228,251.976,251.976,52
0.106236,300.395,300.395,43
0.106244,370.257,370.553,40
0.106252,462.451,462.451,28
0.10626,337.945,337.945,32
0.106268,354.743,354.743,33
0.106276,275,274.704,33
0.106284,269.466,269.763,36
0.106292,272.134,271.739,42
0.1063,273.419,273.715,50
0.106309,273.715,273.715,53
0.106317,355.731,355.731,57
0.106325,393.626,393.281,57
0.106333,400.889,401.186,58
0.106341,396.937,397.233,79
0.106349,393.874,394.269,118
0.106357,400.988,401.186,118
0.106365,414.377,414.032,117
0.106373,417.342,416.996,111
0.106381,433.794,433.794,108
0.10639,402.174,402.174,128
0.106398,366.008,365.613,88
0.106406,325.692,326.087,90
0.106414,442.095,441.7,104
0.106422,359.042,358.696,153
0.10643,334.585,334.98,142
0.106438,288.142,288.538,150
0.106446,339.822,339.921,250
0.106454,341.897,341.897,234
0.106462,343.182,342.885,226
0.10647,344.368,344.862,207
0.106479,273.715,273.715,221
0.106487,235.672,236.166,162
0.106495,301.729,301.383,164
0.106503,334.387,333.992,132
0.106511,341.107,340.909,130
0.106519,356.719,356.719,114
0.106527,357.411,357.708,133
0.106535,355.435,355.731,116
0.106543,347.332,347.826,92
0.106551,347.826,347.826,111
0.10656,403.557,403.162,137
0.106568,381.917,382.411,140
0.106576,452.569,452.569,213
0.106584,350.889,350.791,189
0.106592,356.769,356.719,157
0.1066,362.846,362.648,185
0.106608,326.383,326.087,206
0.106616,327.075,327.075,161
0.106624,460.968,461.462,194
0.106632,427.223,426.877,188
0.106641,395.257,395.257,146
0.106649,362.154,362.648,159
0.106657,316.502,316.206,160
0.106665,362.648,362.648,176
0.106673,321.146,321.146,181
0.106681,318.281,318.182,171
0.106689,390.81,391.304,172
0.106697,384.98,385.375,148
0.106705,318.676,319.17,115
0.106713,314.081,314.229,172
0.106721,303.36,303.36,170
0.10673,287.549,287.549,133
0.106738,296.492,296.443,132
0.106746,374.506,374.506,141
0.106754,363.636,363.636,149
0.106762,489.13,489.13,57
0.10677,502.964,502.964,72
0.106778,513.439,513.834,85
0.106786,501.482,501.976,79
0.106794,502.47,502.964,90
0.106802,505.929,505.929,94
0.106811,549.407,549.407,143
0.106819,458.498,458.498,167
0.106827,457.609,457.51,199
0.106835,450.939,450.593,193
0.106843,434.486,434.783,178
0.106851,441.206,441.7,180
0.106859,410.079,410.079,160
0.106867,397.233,397.233,137
0.106875,383.696,383.399,130
0.106883,385.375,385.375,61
0.106891,349.407,349.802,55
0.1069,325.445,325.099,52
0.106908,362.747,362.648,52
0.106916,349.308,349.802,41
0.106924,362.846,362.648,39
0.106932,396.245,396.245,35
0.10694,366.947,366.601,10
0.106948,378.162,378.458,17
0.106956,449.951,449.605,23
0.106964,334.486,334.98,30
0.106972,266.798,266.798,37
0.106981,268.33,268.775,73
0.106989,254.941,254.941,46
0.106997,257.016,256.917,30
0.107005,328.063,328.063,31
0.107013,306.324,306.324,32
0.107021,250.988,250.988,31
0.107029,271.443,271.739,29
0.107037,317.688,318.182,28
0.107045,420.01,419.96,29
0.107053,462.451,462.451,22
0.107062,346.245,345.85,5
0.10707,259.585,259.881,4
0.107078,228.953,229.249,6
0.107086,190.711,190.711,3
0.107094,192.589,192.688,3
0.107102,191.403,191.7,2
0.10711,193.972,193.676,2
0.107118,183.844,183.794,2
0.107126,208.893,208.498,3
0.107134,247.036,247.036,1
0.107142,247.036,247.036,1
0.107151,241.107,241.107,1
0.107159,166.008,166.008,1
0.107167,248.024,248.024,1
0.107175,266.107,265.81,1
0.107183,171.443,171.937,0
0.107191,131.917,132.411,0
0.107199,186.462,186.759,0
0.107207,227.619,227.273,0
0.107215,233.202,233.202,0
0.107223,288.389,288.538,0
0.107232,189.081,188.735,0
0.10724,161.067,161.067,0
0.107248,133.992,134.387,0
0.107256,226.976,227.273,0
0.107264,363.241,363.636,0
0.107272,212.451,212.451,0
0.10728,270.257,270.751,0
0.107288,390.316,390.316,0
0.107296,349.308,349.802,0
0.107304,277.273,277.668,1
0.107312,250,250,1
0.107321,214.921,215.415,2
0.107329,315.613,315.217,1
0.107337,219.121,219.368,4
0.107345,215.711,215.415,3
0.107353,213.043,213.439,5
0.107361,189.723,189.723,4
0.107369,272.727,272.727,6
0.107377,265.81,265.81,4
0.107385,305.682,305.336,11
0.107393,252.273,251.976,35
0.107402,246.047,246.047,63
0.10741,161.858,162.055,76
0.107418,162.253,162.055,125
0.107426,265.81,265.81,53
0.107434,150.198,150.198,58
0.107442,226.779,227.273,56
0.10745,220.949,221.344,43
0.107458,141.255,141.304,44
0.107466,152.964,153.162,25
0.107474,261.215,260.87,25
0.107482,319.862,320.158,16
0.107491,360.672,360.672,0
0.107499,237.154,237.154,0
0.107507,307.312,307.312,0
0.107515,205.534,205.534,0
0.107523,199.605,199.605,0
0.107531,192.688,192.688,0
0.107539,244.615,245.059,0
0.107547,274.704,274.704,0
0.107555,174.901,174.901,0
0.107563,177.273,176.877,0
0.107572,194.713,194.664,0
0.10758,253.953,253.953,0
0.107588,225.791,226.285,0
0.107596,300.395,300.395,0
0.107604,280.336,280.632,0
0.107612,333.992,333.992,0
0.10762,289.773,289.526,0
0.107628,301.087,301.383,0
0.107636,268.775,268.775,1
0.107644,269.763,269.763,2
0.107653,270.751,270.751,3
0.107661,271.047,270.751,4
0.107669,293.379,293.478,15
0.107677,339.377,338.933,52
0.107685,300.741,300.395,78
0.107693,304.842,305.336,170
0.107701,305.682,305.336,171
0.107709,304.348,304.348,172
0.107717,279.002,278.656,171
0.107725,333.35,333.004,170
0.107733,271.443,271.739,171
0.107742,277.174,277.668,154
0.10775,313.241,313.241,146
0.107758,348.814,348.814,146
0.107766,379.792,379.447,142
0.107774,403.508,403.162,138
0.107782,425.889,425.889,139
0.10779,385.375,385.375,133
0.107798,362.648,362.648,139
0.107806,363.636,363.636,136
0.107814,311.611,311.265,116
0.107823,326.087,326.087,79
0.107831,307.263,307.312,53
0.107839,284.289,284.585,25
0.107847,311.66,311.265,27
0.107855,496.047,496.047,28
0.107863,586.957,586.957,27
0.107871,646.838,647.233,14
0.107879,560.277,560.277,8
0.107887,487.451,487.154,33
0.107895,365.613,365.613,73
0.107903,363.636,363.636,115
0.107912,360.375,360.672,187
0.10792,351.877,351.779,218
0.107928,361.413,361.66,233
0.107936,356.423,356.719,167
0.107944,285.178,285.573,169
0.107952,274.209,274.704,165
0.10796,313.241,313.241,167
0.107968,328.162,328.063,167
0.107976,288.538,288.538,149
0.107984,340.958,340.909,149
0.107993,364.822,364.625,135
0.108001,365.958,365.613,126
0.108009,350.84,350.791,118
0.108017,302.372,302.372,57
0.108025,255.435,255.929,46
0.108033,250.988,250.988,45
0.108041,245.405,245.059,43
0.108049,243.577,244.071,39
0.108057,244.466,244.071,37
0.108065,246.047,246.047,39
0.108074,328.755,329.051,0
0.108082,269.368,269.763,0
0.10809,295.455,295.455,1
0.108098,413.043,413.043,0
0.108106,516.798,516.798,0
0.108114,417.984,417.984,1
0.108122,251.976,251.976,0
0.10813,273.715,273.715,1
0.108138,185.178,184.783,0
0.108146,206.818,206.522,0
0.108154,272.826,272.727,0
0.108163,248.37,248.024,0
0.108171,345.85,345.85,0
0.108179,354.447,354.743,0
0.108187,317.688,318.182,0
0.108195,350.791,350.791,0
0.108203,258.597,258.893,0
0.108211,248.221,248.024,0
0.108219,263.834,263.834,0
0.108227,388.439,388.34,1
0.108235,420.455,420.949,0
0.108244,377.47,377.47,1
0.108252,393.33,393.281,2
0.10826,363.636,363.636,2
0.108268,334.98,334.98,3
0.108276,315.217,315.217,5
0.108284,313.241,313.241,5
0.108292,314.229,314.229,6
0.1083,408.696,409.091,32
0.108308,427.866,427.866,123
0.108316,498.024,498.024,204
0.108324,458.103,458.498,238
0.108333,550.593,550.395,201
0.108341,528.36,528.656,172
0.108349,434.783,434.783,168
0.108357,372.48,372.53,177
0.108365,396.739,397.233,151
0.108373,301.482,301.383,173
0.108381,272.727,272.727,187
0.108389,285.919,285.573,201
0.108397,285.573,285.573,187
0.108405,299.407,299.407,184
0.108414,355.336,355.731,204
0.108422,335.474,335.968,159
0.10843,343.874,343.874,92
0.108438,307.905,308.3,183
0.108446,357.708,357.708,155
0.108454,416.996,416.996,161
0.108462,540.119,540.514,224
0.10847,616.502,616.601,282
0.108478,675.593,675.889,250
0.108486,515.81,515.81,263
0.108494,434.289,434.783,302
0.108503,428.211,427.866,331
0.108511,506.917,506.917,386
0.108519,471.344,471.344,426
0.108527,367.292,367.589,409
0.108535,304.694,304.348,358
0.108543,386.364,386.364,360
0.108551,305.83,306.324,349
0.108559,333.004,333.004,353
0.108567,354.595,354.743,337
0.108575,306.522,306.324,308
0.108584,270.257,270.751,286
0.108592,228.656,228.261,253
0.1086,267.787,267.787,235
0.108608,295.8,295.455,233
0.108616,381.423,381.423,222
0.108624,348.221,347.826,230
0.108632,284.585,284.585,246
0.10864,199.605,199.605,259
0.108648,289.526,289.526,227
0.108656,277.026,276.68,233
0.108665,288.538,288.538,232
0.108673,323.617,324.111,237
0.108681,252.964,252.964,258
0.108689,198.123,198.617,206
0.108697,215.415,215.415,207
0.108705,215.415,215.415,162
0.108713,213.785,213.439,144
0.108721,276.285,276.68,124
0.108729,205.534,205.534,120
0.108737,188.439,188.735,122
0.108745,240.81,241.107,139
0.108754,194.664,194.664,117
0.108762,212.945,213.439,90
0.10877,250,250,89
0.108778,241.156,241.107,88
0.108786,270.652,270.751,63
0.108794,273.715,273.715,56
0.108802,277.026,276.68,62
0.10881,275.395,275.692,62
0.108818,374.209,374.506,58
0.108826,373.024,373.518,62
0.108835,526.976,526.68,37
0.108843,579.545,580.04,34
0.108851,474.308,474.308,43
0.108859,407.955,408.103,74
0.108867,351.383,351.779,111
0.108875,330.04,330.04,156
0.108883,301.087,301.383,144
0.108891,398.221,398.221,145
0.108899,283.992,283.597,148
0.108907,336.66,336.957,146
0.108915,380.385,380.435,147
0.108924,384.437,384.387,142
0.108932,367.292,367.589,125
0.10894,415.168,415.02,184
0.108948,345.949,345.85,194
0.108956,324.16,324.111,123
0.108964,442.688,442.688,94
0.108972,472.727,472.332,65
0.10898,495.949,496.047,60
0.108988,333.3,333.004,55
0.108996,351.779,351.779,58
0.109005,281.621,281.621,57
0.109013,299.407,299.407,78
0.109021,252.767,252.964,62
0.109029,245.01,245.059,32
0.109037,245.059,245.059,28
0.109045,291.996,292.49,17
0.109053,337.994,337.945,3
0.109061,396.838,397.233,1
0.109069,357.708,357.708,0
0.109077,427.47,427.866,2
0.109086,320.652,321.146,4
0.109094,312.253,312.253,5
0.109102,315.069,315.217,11
0.10911,312.648,312.253,24
0.109118,388.636,388.34,31
0.109126,348.814,348.814,50
0.109134,350.889,350.791,56
0.109142,385.375,385.375,51
0.10915,342.885,342.885,41
0.109158,327.421,327.075,38
0.109166,331.719,332.016,38
0.109175,363.241,363.636,55
0.109183,364.625,364.625,45
0.109191,413.043,413.043,41
0.109199,497.431,497.036,57
0.109207,525.692,525.692,53
0.109215,468.379,468.379,54
0.109223,325.791,326.087,52
0.109231,308.893,309.289,56
0.109239,307.312,307.312,56
0.109247,319.17,319.17,61
0.109256,387.352,387.352,58
0.109264,384.387,384.387,98
0.109272,384.387,384.387,105
0.10928,436.265,436.759,105
0.109288,490.415,490.119,105
0.109296,379.941,380.435,89
0.109304,336.66,336.957,88
0.109312,323.518,323.123,89
0.10932,386.364,386.364,73
0.109328,375.988,376.482,85
0.109336,375.84,375.494,156
0.109345,371.146,371.542,192
0.109353,412.105,412.055,165
0.109361,365.267,365.613,94
0.109369,411.413,411.067,127
0.109377,382.46,382.411,118
0.109385,379.941,380.435,110
0.109393,434.881,434.783,100
0.109401,402.668,403.162,100
0.109409,277.668,277.668,98
0.109417,301.976,302.372,66
0.109426,303.063,303.36,51
0.109434,255.138,254.941,78
0.109442,220.949,221.344,49
0.10945,214.822,214.427,39
0.109458,288.933,288.538,28
0.109466,347.53,347.826,18
0.109474,411.067,411.067,3
0.109482,323.518,323.123,3
0.10949,262.846,262.846,14
0.109498,211.957,212.451,41
0.109506,277.668,277.668,43
0.109515,225.988,226.285,41
0.109523,190.711,190.711,50
0.109531,179.891,179.842,48
0.109539,179.249,178.854,41
0.109547,182.51,182.806,25
0.109555,191.057,190.711,24
0.109563,189.625,189.723,25
0.109571,187.747,187.747,20
0.109579,242.095,242.095,9
0.109587,265.81,265.81,1
0.109596,188.093,187.747,1
0.109604,242.095,242.095,0
0.109612,261.957,261.858,0
0.10962,293.478,293.478,0
0.109628,318.577,318.182,0
0.109636,292.49,292.49,0
0.109644,291.008,291.502,0
0.109652,297.431,297.431,0
0.10966,376.186,376.482,0
0.109668,364.625,364.625,1
0.109677,369.862,369.565,1
0.109685,389.328,389.328,1
0.109693,324.506,324.111,1
0.109701,312.253,312.253,2
0.109709,379.842,379.447,2
0.109717,493.083,493.083,3
0.109725,336.265,335.968,3
0.109733,252.668,252.964,2
0.109741,248.024,248.024,4
0.109749,260.968,260.87,3
0.109757,355.632,355.731,4
0.109766,328.36,328.063,2
0.109774,328.557,329.051,2
0.109782,328.755,329.051,1
0.10979,327.075,327.075,2
0.109798,332.708,333.004,2
0.109806,309.289,309.289,1
0.109814,290.217,290.514,2
0.109822,294.17,294.466,2
0.10983,331.423,331.028,3
0.109838,303.656,303.36,4
0.109847,274.802,274.704,9
0.109855,285.573,285.573,36
0.109863,281.621,281.621,62
0.109871,325.099,325.099,89
0.109879,272.727,272.727,60
0.109887,357.708,357.708,40
0.109895,357.46,357.708,31
0.109903,309.289,309.289,30
0.109911,262.549,262.846,27
0.109919,260.87,260.87,14
0.109927,264.18,263.834,6
0.109936,272.727,272.727,0
0.109944,417.984,417.984,0
0.109952,435.771,435.771,0
0.10996,438.735,438.735,0
0.109968,438.439,438.735,0
0.109976,389.674,389.328,0
0.109984,512.846,512.846,0
0.109992,508.893,508.893,0
0.11,469.862,470.356,1
0.110008,458.794,458.498,1
0.110017,460.968,461.462,4
0.110025,459.486,459.486,5
0.110033,451.581,451.581,5
0.110041,432.806,432.806,9
0.110049,319.17,319.17,15
0.110057,283.597,283.597,26
0.110065,437.055,436.759,20
0.110073,476.482,476.285,16
0.110081,457.115,457.51,22
0.110089,419.96,419.96,7
0.110098,369.565,369.565,2
0.110106,364.575,364.625,1
0.110114,415.02,415.02,1
0.110122,428.706,428.854,0
0.11013,505.237,504.941,1
0.110138,516.798,516.798,1
0.110146,487.154,487.154,1
0.110154,471.69,471.344,3
0.110162,489.822,490.119,5
0.11017,563.587,563.241,16
0.110178,469.071,469.368,33
0.110187,393.281,393.281,66
0.110195,368.874,368.577,79
0.110203,363.834,363.636,156
0.110211,434.486,434.783,189
0.110219,390.662,390.316,189
0.110227,384.387,384.387,238
0.110235,236.561,236.166,236
0.110243,260.326,259.881,196
0.110251,276.482,276.68,180
0.110259,266.798,266.798,146
0.110268,264.822,264.822,181
0.110276,291.502,291.502,176
0.110284,336.364,335.968,148
0.110292,337.945,337.945,95
0.1103,401.235,401.186,78
0.110308,405.83,406.126,71
0.110316,395.257,395.257,70
0.110324,330.385,330.04,59
0.110332,306.225,306.324,36
0.11034,311.265,311.265,25
0.110348,401.63,401.186,26
0.110357,397.233,397.233,33
0.110365,392.688,392.292,36
0.110373,262.451,262.846,33
0.110381,285.573,285.573,43
0.110389,232.708,233.202,36
0.110397,228.953,229.249,30
0.110405,230.237,230.237,24
0.110413,234.19,234.19,18
0.110421,250,250,13
0.110429,297.134,297.431,22
0.110438,198.617,198.617,49
0.110446,252.372,251.976,54
0.110454,203.557,203.557,41
0.110462,201.927,201.581,29
0.11047,205.534,205.534,40
0.110478,230.435,230.237,30
0.110486,246.542,247.036,31
0.110494,322.826,323.123,27
0.110502,321.047,321.146,22
0.11051,324.358,324.111,18
0.110518,285.573,285.573,10
0.110527,307.609,307.312,0
0.110535,366.601,366.601,0
0.110543,381.423,381.423,0
0.110551,330.632,331.028,0
0.110559,276.828,276.68,0
0.110567,346.196,345.85,0
0.110575,482.213,482.213,0
0.110583,490.415,490.119,0
0.110591,418.972,418.972,0
0.110599,327.075,327.075,0
0.110608,281.719,281.621,0
0.110616,389.328,389.328,0
0.110624,331.028,331.028,1
0.110632,381.126,381.423,0
0.11064,329.051,329.051,0
0.110648,334.19,333.992,1
0.110656,405.138,405.138,1
0.110664,283.103,283.597,3
0.110672,311.957,312.253,3
0.11068,432.806,432.806,4
0.110689,380.83,380.435,20
0.110697,444.664,444.664,73
0.110705,511.858,511.858,121
0.110713,523.715,523.715,172
0.110721,511.957,511.858,169
0.110729,519.368,519.763,170
0.110737,461.166,461.462,165
0.110745,384.387,384.387,170
0.110753,420.949,420.949,174
0.110761,370.603,370.553,166
0.110769,359.091,358.696,164
0.110778,355.583,355.731,180
0.110786,408.103,408.103,192
0.110794,361.66,361.66,213
0.110802,393.281,393.281,262
0.11081,495.356,495.059,253
0.110818,577.075,577.075,227
0.110826,513.834,513.834,217
0.110834,466.65,466.403,214
0.110842,332.856,333.004,173
0.11085,350.148,349.802,159
0.110859,319.269,319.17,149
0.110867,321.789,322.134,145
0.110875,323.271,323.123,85
0.110883,296.838,296.443,65
0.110891,332.016,332.016,37
0.110899,323.814,324.111,15
0.110907,296.887,296.443,11
0.110915,375.494,375.494,0
0.110923,416.008,416.008,0
0.110931,520.405,520.751,1
0.110939,429.249,428.854,1
0.110948,291.502,291.502,1
0.110956,349.506,349.802,3
0.110964,366.65,366.601,1
0.110972,465.711,465.415,1
0.11098,463.142,463.439,2
0.110988,624.506,624.506,2
0.110996,608.004,607.708,4
0.111004,580.04,580.04,10
0.111012,434.486,434.783,15
0.11102,465.02,465.415,58
0.111029,485.87,486.166,79
0.111037,569.763,570.158,125
0.111045,454.545,454.545,206
0.111053,369.565,369.565,188
0.111061,362.006,361.66,52
0.111069,315.217,315.217,50
0.111077,301.383,301.383,72
0.111085,270.405,270.751,153
0.111093,267.292,267.787,115
0.111101,384.289,384.387,93
0.11111,398.221,398.221,70
0.111118,375.988,376.482,47
0.111126,369.862,369.565,39
0.111134,422.925,422.925,39
0.111142,450.198,450.593,51
0.11115,405.138,405.138,41
0.111158,419.96,419.96,32
0.111166,450.939,450.593,27
0.111174,428.162,427.866,17
0.111182,360.03,359.684,14
0.11119,328.063,328.063,29
0.111199,328.409,328.063,62
0.111207,386.858,387.352,56
0.111215,422.925,422.925,61
0.111223,328.063,328.063,71
0.111231,258.547,258.893,75
0.111239,285.178,285.573,81
0.111247,304.842,305.336,71
0.111255,280.632,280.632,71
0.111263,321.739,322.134,83
0.111271,343.231,342.885,112
0.11128,344.96,344.862,158
0.111288,334.684,334.98,168
0.111296,272.332,272.727,154
0.111304,260.573,260.87,148
0.111312,448.123,448.617,147
0.11132,420.652,420.949,148
0.111328,334.98,334.98,147
0.111336,253.953,253.953,148
0.111344,316.107,316.206,135
0.111352,301.729,301.383,131
0.11136,356.868,356.719,125
0.111369,318.182,318.182,117
0.111377,449.012,448.617,146
0.111385,406.028,406.126,76
0.111393,319.17,319.17,45
0.111401,376.285,376.482,41
0.111409,235.721,236.166,42
0.111417,202.569,202.569,44
0.111425,243.775,244.071,33
0.111433,290.119,290.514,59
0.111441,419.96,419.96,51
0.11145,398.913,399.209,17
0.111458,365.316,365.613,7
0.111466,364.625,364.625,7
0.111474,403.162,403.162,15
0.111482,301.482,301.383,60
0.11149,249.012,249.012,73
0.111498,297.431,297.431,130
0.111506,243.676,244.071,146
0.111514,210.474,210.474,154
0.111522,210.474,210.474,141
0.11153,284.19,284.585,140
0.111539,285.919,285.573,139
0.111547,279.545,279.644,141
0.111555,253.458,253.953,142
0.111563,249.802,250,148
0.111571,238.636,239.13,135
0.111579,237.154,237.154,198
0.111587,231.571,231.225,247
0.111595,334.98,334.98,294
0.111603,416.354,416.008,297
0.111611,303.162,303.36,293
0.11162,227.372,227.273,293
0.111628,204.051,204.545,255
0.111636,210.82,210.474,256
0.111644,255.632,255.929,209
0.111652,232.806,233.202,151
0.11166,305.336,305.336,119
0.111668,411.067,411.067,191
0.111676,413.043,413.043,199
0.111684,418.33,417.984,200
0.111692,359.684,359.684,203
0.111701,367.095,367.589,191
0.111709,467.441,467.391,194
0.111717,564.229,564.229,186
0.111725,594.862,594.862,186
0.111733,472.332,472.332,164
0.111741,304.99,305.336,150
0.111749,274.209,274.704,138
0.111757,274.753,274.704,139
0.111765,271.591,271.739,138
0.111773,319.269,319.17,102
0.111781,383.399,383.399,99
0.11179,335.474,335.968,101
0.111798,287.549,287.549,95
0.111806,254.941,254.941,83
0.111814,240.119,240.119,51
0.111822,329.545,330.04,54
0.11183,512.846,512.846,51
0.111838,360.573,360.672,39
0.111846,272.085,271.739,34
0.111854,267.095,266.798,46
0.111862,422.628,422.925,29
0.111871,423.518,423.913,2
0.111879,331.324,331.028,2
0.111887,230.089,230.237,2
0.111895,220.702,220.356,3
0.111903,240.415,240.119,2
0.111911,327.421,327.075,3
0.111919,364.032,363.636,3
0.111927,333.696,333.992,10
0.111935,294.763,294.466,29
0.111943,313.241,313.241,22
0.111951,324.012,324.111,23
0.11196,251.581,251.976,27
0.111968,252.668,252.964,26
0.111976,247.53,248.024,18
0.111984,197.431,197.628,15
0.111992,170.356,169.96,8
0.112,166.008,166.008,4
0.112008,259.733,259.881,0
0.112016,259.239,258.893,0
0.112024,308.646,308.3,1
0.112032,267.787,267.787,1
0.112041,374.802,374.506,1
0.112049,353.261,353.755,2
0.112057,361.66,361.66,1
0.112065,337.945,337.945,2
0.112073,371.887,371.542,2
0.112081,355.731,355.731,2
0.112089,407.115,407.115,3
0.112097,371.542,371.542,2
0.112105,355.83,355.731,3
0.112113,385.474,385.375,5
0.112122,292.194,292.49,5
0.11213,276.68,276.68,8
0.112138,317.194,317.194,19
0.112146,397.826,398.221,28
0.112154,384.881,385.375,45
0.112162,461.314,461.462,49
0.11217,346.838,346.838,43
0.112178,333.992,333.992,38
0.112186,331.028,331.028,39
0.112194,362.994,362.648,42
0.112202,367.984,367.589,50
0.112211,379.792,379.447,54
0.112219,337.253,336.957,45
0.112227,315.711,316.206,52
0.112235,387.352,387.352,44
0.112243,365.613,365.613,34
0.112251,427.866,427.866,31
0.112259,278.014,277.668,28
0.112267,221.047,221.344,22
0.112275,219.713,219.368,14
0.112283,233.202,233.202,11
0.112292,241.848,242.095,3
0.1123,322.134,322.134,0
0.112308,300.741,300.395,1
0.112316,375.84,375.494,0
0.112324,339.526,339.921,0
0.112332,323.814,324.111,1
0.11234,324.111,324.111,0
0.112348,277.668,277.668,1
0.112356,266.008,265.81,2
0.112364,274.111,273.715,1
0.112372,380.929,381.423,2
0.112381,286.561,286.561,3
0.112389,270.158,269.763,2
0.112397,246.245,246.047,4
0.112405,234.19,234.19,11
0.112413,312.549,312.253,22
0.112421,380.435,380.435,24
0.112429,469.96,470.356,31
0.112437,422.875,422.925,73
0.112445,344.219,343.874,42
0.112453,307.806,308.3,34
0.112462,304.842,305.336,33
0.11247,263.834,263.834,34
0.112478,211.462,211.462,34
0.112486,273.715,273.715,34
0.112494,326.877,327.075,47
0.112502,255.781,255.929,26
0.11251,347.431,347.826,10
0.112518,382.115,382.411,7
0.112526,392.292,392.292,3
0.112534,321.146,321.146,1
0.112542,290.711,290.514,1
0.112551,191.304,191.7,1
0.112559,209.091,209.486,1
0.112567,192.688,192.688,0
0.112575,268.775,268.775,0
0.112583,206.522,206.522,0
0.112591,219.565,219.368,0
0.112599,189.921,189.723,0
0.112607,180.188,179.842,0
0.112615,186.117,185.771,0
0.112623,221.245,221.344,0
0.112632,283.597,283.597,0
0.11264,355.731,355.731,0
0.112648,272.431,272.727,0
0.112656,221.937,222.332,0
0.112664,207.51,207.51,0
0.112672,331.126,331.028,0
0.11268,285.375,285.573,0
0.112688,284.338,284.585,0
0.112696,287.549,287.549,0
0.112704,310.573,310.277,0
0.112713,288.834,288.538,0
0.112721,336.957,336.957,0
0.112729,242.095,242.095,0
0.112737,335.573,335.968,0
0.112745,270.85,270.751,0
0.112753,298.715,298.419,0
0.112761,256.917,256.917,0
0.112769,239.13,239.13,0
0.112777,272.826,272.727,0
0.112785,274.308,274.704,0
0.112793,211.462,211.462,0
0.112802,201.285,201.581,0
0.11281,252.273,251.976,0
0.112818,255.929,255.929,0
0.112826,278.162,278.656,0
0.112834,280.138,280.632,0
0.112842,313.636,313.241,0
0.11285,285.079,285.573,0
0.112858,282.609,282.609,0
0.112866,334.98,334.98,0
0.112874,282.955,282.609,0
0.112883,365.613,365.613,0
0.112891,410.079,410.079,0
0.112899,314.822,315.217,0
0.112907,259.239,258.893,1
0.112915,260.87,260.87,0
0.112923,251.482,251.976,1
0.112931,263.834,263.834,2
0.112939,287.846,287.549,1
0.112947,246.047,246.047,1
0.112955,216.107,216.403,1
0.112963,267.49,267.787,1
0.112972,284.585,284.585,0
0.11298,216.403,216.403,0
0.112988,213.439,213.439,0
0.112996,259.239,258.893,0
0.113004,254.941,254.941,0
0.113012,201.581,201.581,0
0.11302,203.508,203.557,0
0.113028,204.842,204.545,0
0.113036,223.271,223.32,0
0.113044,324.111,324.111,0
0.113053,289.872,289.526,0
0.113061,282.609,282.609,0
0.113069,284.881,284.585,0
0.113077,273.567,273.715,0
0.113085,356.423,356.719,0
0.113093,248.024,248.024,0
0.113101,245.158,245.059,0
0.113109,247.628,248.024,0
0.113117,245.405,245.059,0
0.113125,226.383,226.285,0
0.113134,400.247,400.198,0
0.113142,381.126,381.423,0
0.11315,348.913,348.814,0
0.113158,299.802,299.407,0
0.113166,277.273,277.668,0
0.113174,289.526,289.526,0
0.113182,406.719,407.115,0
0.11319,413.043,413.043,0
0.113198,364.328,364.625,0
0.113206,347.925,347.826,0
0.113214,415.366,415.02,0
0.113223,416.996,416.996,1
0.113231,423.913,423.913,3
0.113239,433.597,433.794,8
0.113247,422.925,422.925,72
0.113255,392.885,393.281,137
0.113263,378.804,378.458,199
0.113271,357.411,357.708,197
0.113279,327.075,327.075,198
0.113287,331.028,331.028,198
0.113295,313.241,313.241,138
0.113304,366.897,366.601,121
0.113312,374.358,374.506,124
0.11332,316.403,316.206,130
0.113328,378.557,378.458,127
0.113336,376.482,376.482,128
0.113344,320.751,321.146,131
0.113352,318.972,319.17,133
0.11336,302.372,302.372,131
0.113368,388.636,388.34,133
0.113376,293.923,293.478,132
0.113384,328.656,329.051,131
0.113393,350.791,350.791,132
0.113401,390.662,390.316,133
0.113409,394.565,394.269,130
0.113417,383.399,383.399,131
0.113425,390.316,390.316,133
0.113433,347.826,347.826,96
0.113441,331.719,332.016,114
0.113449,329.051,329.051,148
0.113457,329.644,330.04,196
0.113465,382.016,382.411,211
0.113474,452.767,452.569,242
0.113482,405.138,405.138,162
0.11349,339.921,339.921,184
0.113498,307.658,307.312,185
0.113506,294.466,294.466,162
0.113514,360.672,360.672,142
0.113522,243.775,244.071,102
0.11353,187.747,187.747,52
0.113538,242.688,243.083,23
0.113546,373.518,373.518,23
0.113554,378.458,378.458,22
0.113563,342.49,342.885,19
0.113571,324.407,324.111,0
0.113579,233.399,233.202,0
0.113587,204.545,204.545,0
0.113595,223.32,223.32,0
0.113603,167.391,166.996,0
0.113611,249.506,250,0
0.113619,336.66,336.957,0
0.113627,269.121,268.775,0
0.113635,285.672,285.573,0
0.113644,385.375,385.375,0
0.113652,415.366,415.02,0
0.11366,402.174,402.174,0
0.113668,331.028,331.028,0
0.113676,293.478,293.478,0
0.113684,306.966,307.312,0
0.113692,423.864,423.913,0
0.1137,524.012,523.715,0
0.113708,468.379,468.379,0
0.113716,464.773,464.427,0
0.113725,315.217,315.217,0
0.113733,317.688,318.182,1
0.113741,288.883,288.538,0
0.113749,290.514,290.514,1
0.113757,369.565,369.565,3
0.113765,304.743,304.348,3
0.113773,337.549,337.945,3
0.113781,375.494,375.494,5
0.113789,374.901,374.506,26
0.113797,362.253,362.648,50
0.113805,362.648,362.648,62
0.113814,386.067,386.364,99
0.113822,402.174,402.174,119
0.11383,337.945,337.945,119
0.113838,377.47,377.47,120
0.113846,338.933,338.933,120
0.113854,329.051,329.051,121
0.113862,309.98,310.277,122
0.11387,309.19,309.289,124
0.113878,310.474,310.277,120
0.113886,307.312,307.312,122
0.113895,311.957,312.253,122
0.113903,317.885,318.182,122
0.113911,262.204,261.858,122
0.113919,263.142,262.846,122
0.113927,265.563,265.81,122
0.113935,337.549,337.945,95
0.113943,357.708,357.708,83
0.113951,447.134,447.628,133
0.113959,462.302,462.451,148
0.113967,368.923,368.577,181
0.113975,438.439,438.735,194
0.113984,444.269,444.664,190
0.113992,463.439,463.439,177
0.114,495.059,495.059,172
0.114008,452.668,452.569,174
0.114016,432.806,432.806,140
0.114024,332.016,332.016,115
0.114032,394.763,395.257,146
0.11404,599.407,599.802,204
0.114048,455.731,455.534,177
0.114056,388.834,389.328,162
0.114065,265.81,265.81,171
0.114073,238.834,239.13,139
0.114081,189.229,189.723,121
0.114089,164.032,164.032,130
0.114097,164.723,165.02,129
0.114105,238.142,238.142,125
0.114113,250.84,250.988,99
0.114121,166.008,166.008,66
0.114129,214.279,214.427,32
0.114137,163.043,163.043,31
0.114146,167.391,166.996,22
0.114154,167.589,167.984,16
0.114162,166.996,166.996,3
0.11417,166.403,166.008,0
0.114178,169.911,169.96,0
0.114186,185.178,184.783,0
0.114194,290.514,290.514,0
0.114202,420.949,420.949,0
0.11421,382.115,382.411,0
0.114218,339.625,339.921,0
0.114226,330.336,330.04,0
0.114235,370.553,370.553,0
0.114243,356.225,356.719,0
0.114251,502.964,502.964,0
0.114259,517.441,517.787,0
0.114267,466.403,466.403,0
0.114275,429.842,429.842,0
0.114283,358.696,358.696,0
0.114291,357.905,357.708,0
0.114299,380.385,380.435,0
0.114307,467.885,468.379,0
0.114316,299.111,299.407,0
0.114324,283.943,283.597,0
0.114332,289.526,289.526,0
0.11434,276.68,276.68,0
0.114348,333.3,333.004,0
0.114356,265.119,264.822,0
0.114364,313.241,313.241,0
0.114372,309.98,310.277,0
0.11438,243.577,244.071,0
0.114388,269.466,269.763,0
0.114396,218.231,218.379,0
0.114405,291.206,291.502,0
0.114413,332.312,332.016,0
0.114421,381.522,381.423,0
0.114429,371.838,371.542,0
0.114437,296.937,297.431,0
0.114445,223.024,223.32,0
0.114453,217.737,217.391,0
0.114461,305.04,305.336,0
0.114469,296.146,296.443,0
0.114477,298.32,298.419,0
0.114486,296.047,296.443,0
0.114494,223.32,223.32,0
0.114502,223.32,223.32,0
0.11451,210.474,210.474,0
0.114518,340.316,339.921,0
0.114526,337.945,337.945,0
0.114534,311.265,311.265,0
0.114542,286.265,286.561,0
0.11455,238.34,238.142,0
0.114558,217.391,217.391,0
0.114566,298.419,298.419,0
0.114575,281.621,281.621,0
0.114583,354.743,354.743,0
0.114591,382.757,382.411,0
0.114599,416.502,416.996,0
0.114607,246.047,246.047,0
0.114615,170.059,169.96,0
0.114623,174.111,173.913,1
0.114631,168.972,168.972,0
0.114639,180.534,180.83,1
0.114647,170.949,170.949,1
0.114656,261.561,261.858,0
0.114664,381.769,381.423,1
0.114672,351.482,351.779,0
0.11468,251.334,250.988,1
0.114688,217.391,217.391,0
0.114696,225.296,225.296,1
0.114704,222.826,223.32,0
0.114712,223.32,223.32,0
0.11472,260.87,260.87,0
0.114728,277.668,277.668,0
0.114737,297.036,297.431,0
0.114745,286.957,286.561,0
0.114753,327.075,327.075,0
0.114761,284.881,284.585,0
0.114769,311.858,312.253,0
0.114777,363.636,363.636,0
0.114785,497.036,497.036,0
0.114793,546.146,546.443,1
0.114801,444.269,444.664,1
0.114809,366.601,366.601,1
0.114817,317.292,317.194,1
0.114826,238.834,239.13,2
0.114834,203.557,203.557,1
0.114842,200.593,200.593,0
0.11485,258.103,257.905,0
0.114858,383.399,383.399,0
0.114866,456.225,456.522,0
0.114874,387.352,387.352,0
0.114882,209.832,209.486,0
0.11489,202.174,202.569,0
0.114898,239.13,239.13,0
0.114907,195.356,195.652,0
0.114915,184.783,184.783,0
0.114923,180.83,180.83,0
0.114931,181.077,180.83,0
0.114939,232.609,232.213,0
0.114947,247.036,247.036,0
0.114955,372.134,372.53,0
0.114963,423.913,423.913,0
0.114971,466.403,466.403,0
0.114979,448.666,448.617,0
0.114987,359.289,359.684,0
0.114996,343.874,343.874,1
0.115004,338.735,338.933,4
0.115012,301.383,301.383,1
0.11502,328.36,328.063,2
0.115028,306.324,306.324,2
0.115036,389.328,389.328,3
0.115044,387.352,387.352,2
0.115052,466.008,466.403,2
0.11506,369.17,369.565,2
0.115068,373.518,373.518,2
0.115077,430.188,429.842,3
0.115085,362.006,361.66,4
0.115093,268.775,268.775,4
0.115101,271.047,270.751,3
0.115109,272.579,272.727,5
0.115117,282.609,282.609,3
0.115125,375.84,375.494,4
0.115133,378.458,378.458,5
0.115141,387.698,387.352,5
0.115149,455.929,455.534,6
0.115158,436.364,436.759,8
0.115166,448.617,448.617,30
0.115174,358.992,358.696,62
0.115182,307.312,307.312,61
0.11519,314.229,314.229,97
0.115198,340.909,340.909,92
0.115206,472.925,473.32,79
0.115214,327.569,328.063,103
0.115222,402.52,402.174,79
0.11523,305.04,305.336,72
0.115238,327.421,327.075,113
0.115247,434.783,434.783,156
0.115255,364.328,364.625,153
0.115263,335.672,335.968,147
0.115271,248.024,248.024,145
0.115279,289.427,289.526,145
0.115287,235.87,236.166,134
0.115295,302.372,302.372,138
0.115303,299.407,299.407,96
0.115311,298.765,298.419,111
0.115319,291.601,291.502,138
0.115328,292.984,293.478,137
0.115336,281.225,281.621,129
0.115344,299.605,299.407,119
0.115352,184.783,184.783,99
0.11536,144.368,144.269,91
0.115368,133.794,133.399,75
0.115376,250.692,250.988,109
0.115384,202.668,202.569,49
0.115392,263.834,263.834,34
0.1154,332.016,332.016,71
0.115408,352.767,352.767,54
0.115417,419.96,419.96,63
0.115425,478.261,478.261,69
0.115433,335.968,335.968,58
0.115441,341.996,341.897,53
0.115449,299.753,299.407,57
0.115457,259.585,259.881,58
0.115465,255.435,255.929,74
0.115473,299.407,299.407,95
0.115481,298.765,298.419,115
0.115489,258.004,257.905,108
0.115498,253.31,252.964,114
0.115506,265.613,265.81,113
0.115514,218.725,218.379,110
0.115522,188.142,187.747,113
0.11553,287.846,287.549,113
0.115538,439.723,439.723,114
0.115546,432.115,431.818,111
0.115554,414.229,414.032,110
0.115562,163.241,163.043,50
0.11557,230.929,231.225,63
0.115578,290.168,290.514,36
0.115587,287.154,287.549,20
0.115595,311.364,311.265,24
0.115603,411.709,412.055,105
0.115611,259.881,259.881,30
0.115619,223.518,223.32,16
0.115627,219.466,219.368,0
0.115635,302.372,302.372,0
0.115643,267.391,267.787,0
0.115651,262.846,262.846,0
0.115659,338.883,338.933,0
0.115668,400.198,400.198,0
0.115676,359.684,359.684,0
0.115684,214.822,214.427,0
0.115692,205.188,205.534,0
0.1157,152.668,153.162,0
0.115708,153.162,153.162,0
0.115716,196.245,196.64,0
0.115724,186.759,186.759,0
0.115732,161.66,162.055,0
0.11574,163.735,164.032,0
0.115749,286.66,286.561,0
0.115757,311.215,311.265,0
0.115765,190.415,190.711,0
0.115773,196.047,195.652,0
0.115781,197.628,197.628,0
0.115789,254.545,254.941,0
0.115797,295.455,295.455,0
0.115805,312.648,312.253,0
0.115813,238.142,238.142,0
0.115821,239.229,239.13,0
0.115829,176.877,176.877,0
0.115838,208.449,208.498,0
0.115846,271.443,271.739,0
0.115854,286.067,286.561,0
0.115862,422.974,422.925,0
0.11587,249.012,249.012,2
0.115878,265.81,265.81,3
0.115886,261.611,261.858,20
0.115894,276.68,276.68,82
0.115902,264.328,264.822,155
0.11591,198.617,198.617,120
0.115919,209.289,209.486,73
0.115927,316.798,317.194,74
0.115935,344.763,344.862,64
0.115943,341.354,340.909,67
0.115951,351.779,351.779,103
0.115959,294.466,294.466,78
0.115967,282.016,281.621,51
0.115975,330.138,330.04,36
0.115983,325.099,325.099,22
0.115991,313.933,314.229,26
0.115999,302.372,302.372,14
0.116008,392.49,392.292,1
0.116016,407.115,407.115,1
0.116024,407.806,408.103,1
0.116032,285.919,285.573,2
0.11604,262.846,262.846,0
0.116048,323.32,323.123,0
0.116056,296.492,296.443,0
0.116064,288.933,288.538,0
0.116072,295.751,295.455,0
0.11608,295.158,295.455,0
0.116089,411.66,412.055,0
0.116097,419.318,418.972,0
0.116105,390.316,390.316,0
0.116113,369.417,369.565,0
0.116121,327.767,328.063,0
0.116129,280.682,280.632,0
0.116137,281.621,281.621,0
0.116145,283.3,283.597,0
0.116153,240.119,240.119,1
0.116161,320.257,320.158,1
0.11617,305.385,305.336,1
0.116178,225.296,225.296,2
0.116186,237.5,237.154,1
0.116194,315.711,316.206,2
0.116202,346.838,346.838,2
0.11621,245.059,245.059,3
0.116218,283.399,283.597,3
0.116226,292.49,292.49,7
0.116234,442.391,442.688,18
0.116242,349.852,349.802,30
0.11625,380.929,381.423,41
0.116259,370.553,370.553,46
0.116267,442.194,442.688,44
0.116275,336.462,336.957,28
0.116283,333.004,333.004,38
0.116291,336.66,336.957,59
0.116299,375.445,375.494,57
0.116307,417.342,416.996,48
0.116315,439.081,438.735,46
0.116323,404.15,404.15,42
0.116331,358.696,358.696,34
0.11634,340.761,340.909,46
0.116348,333.152,333.004,16
0.116356,344.862,344.862,8
0.116364,355.336,355.731,7
0.116372,337.994,337.945,1
0.11638,334.684,334.98,0
0.116388,326.779,327.075,0
0.116396,405.484,405.138,0
0.116404,466.403,466.403,1
0.116412,484.19,484.19,1
0.11642,500,500,1
0.116429,439.328,439.723,3
0.116437,341.897,341.897,1
0.116445,374.506,374.506,4
0.116453,318.676,319.17,6
0.116461,303.063,303.36,5
0.116469,264.229,263.834,7
0.116477,275.692,275.692,6
0.116485,354.051,353.755,11
0.116493,348.221,347.826,42
0.116501,339.032,338.933,94
0.11651,301.581,301.383,169
0.116518,351.383,351.779,117
0.116526,304.694,304.348,114
0.116534,276.186,276.68,97
0.116542,404.743,405.138,89
0.11655,453.557,453.557,81
0.116558,370.553,370.553,140
0.116566,242.144,242.095,149
0.116574,243.083,243.083,63
0.116582,263.241,262.846,48
0.11659,353.854,353.755,31
0.116599,242.885,243.083,39
0.116607,244.417,244.071,91
0.116615,300.049,300.395,149
0.116623,362.648,362.648,181
0.116631,363.636,363.636,188
0.116639,391.601,391.304,121
0.116647,373.024,373.518,127
0.116655,335.326,334.98,125
0.116663,243.182,243.083,123
0.116671,256.621,256.917,129
0.11668,345.949,345.85,170
0.116688,267.787,267.787,162
0.116696,246.047,246.047,107
0.116704,279.644,279.644,94
0.116712,451.927,451.581,93
0.11672,478.261,478.261,117
0.116728,493.577,494.071,190
0.116736,338.933,338.933,148
0.116744,285.919,285.573,144
0.116752,228.557,228.261,156
0.116761,274.704,274.704,212
0.116769,398.715,399.209,206
0.116777,437.747,437.747,208
0.116785,352.174,351.779,189
0.116793,378.261,378.458,195
0.116801,439.625,439.723,219
0.116809,465.909,466.403,271
0.116817,486.166,486.166,355
0.116825,383.745,383.399,352
0.116833,475.494,475.296,384
0.116841,359.684,359.684,383
0.11685,336.957,336.957,277
0.116858,304.545,304.348,288
0.116866,301.334,301.383,290
0.116874,304.545,304.348,287
0.116882,346.838,346.838,308
0.11689,356.719,356.719,315
0.116898,298.419,298.419,257
0.116906,278.656,278.656,254
0.116914,279.644,279.644,249
0.116922,266.798,266.798,246
0.116931,250.988,250.988,249
0.116939,306.818,307.312,250
0.116947,270.356,270.751,239
0.116955,237.204,237.154,233
0.116963,236.166,236.166,234
0.116971,319.17,319.17,237
0.116979,345.455,345.85,235
0.116987,444.664,444.664,245
0.116995,401.038,401.186,251
0.117003,303.706,303.36,260
0.117011,264.822,264.822,230
0.11702,375.791,375.494,228
0.117028,399.209,399.209,337
0.117036,338.933,338.933,333
0.117044,352.767,352.767,347
0.117052,358.696,358.696,364
0.11706,342.885,342.885,350
0.117068,419.565,419.96,339
0.117076,408.103,408.103,318
0.117084,397.727,398.221,295
0.117092,378.458,378.458,298
0.117101,349.407,349.802,238
0.117109,345.85,345.85,230
0.117117,396.937,397.233,202
0.117125,435.771,435.771,228
0.117133,420.949,420.949,267
0.117141,468.379,468.379,345
0.117149,499.506,500,383
0.117157,428.854,428.854,298
0.117165,509.881,509.881,308
0.117173,564.723,565.217,253
0.117182,547.431,547.431,224
0.11719,598.814,598.814,172
0.117198,584.042,583.992,172
0.117206,532.609,532.609,181
0.117214,653.656,654.15,258
0.117222,603.063,602.767,305
0.11723,572.134,572.134,267
0.117238,572.53,572.134,261
0.117246,633.893,634.387,280
0.117254,494.071,494.071,281
0.117262,462.846,462.451,240
0.117271,419.812,419.96,253
0.117279,400.198,400.198,263
0.117287,414.032,414.032,246
0.117295,413.043,413.043,235
0.117303,455.534,455.534,270
0.117311,439.723,439.723,247
0.117319,473.024,473.32,206
0.117327,449.209,449.605,193
0.117335,525.889,525.692,215
0.117343,479.249,479.249,236
0.117352,455.534,455.534,246
0.11736,385.968,386.364,301
0.117368,409.091,409.091,328
0.117376,390.316,390.316,374
0.117384,440.217,440.711,389
0.117392,343.231,342.885,309
0.1174,322.332,322.134,289
0.117408,447.628,447.628,357
0.117416,303.31,303.36,346
0.117424,337.796,337.945,383
0.117432,329.397,329.051,311
0.117441,367.589,367.589,378
0.117449,370.553,370.553,380
0.117457,373.518,373.518,356
0.117465,428.854,428.854,244
0.117473,422.184,421.937,274
0.117481,500.988,500.988,263
0.117489,351.976,351.779,199
0.117497,322.134,322.134,164
0.117505,329.051,329.051,162
0.117513,372.036,372.53,183
0.117522,443.676,443.676,223
0.11753,527.619,527.668,205
0.117538,521.344,521.739,199
0.117546,522.48,522.727,201
0.117554,513.291,512.846,203
0.117562,479.694,479.249,223
0.11757,486.858,487.154,244
0.117578,372.925,372.53,241
0.117586,334.98,334.98,244
0.117594,321.146,321.146,244
0.117602,253.508,253.953,221
0.117611,241.107,241.107,177
0.117619,289.526,289.526,152
0.117627,341.897,341.897,155
0.117635,232.312,232.213,144
0.117643,234.536,234.19,143
0.117651,198.617,198.617,141
0.117659,201.68,201.581,134
0.117667,205.879,205.534,126
0.117675,295.8,295.455,117
0.117683,377.273,377.47,160
0.117692,295.158,295.455,127
0.1177,215.415,215.415,105
0.117708,211.166,211.462,107
0.117716,263.834,263.834,102
0.117724,332.708,333.004,106
0.117732,341.403,341.897,105
0.11774,364.921,364.625,86
0.117748,367.984,367.589,66
0.117756,381.028,381.423,65
0.117764,434.783,434.783,54
0.117773,313.241,313.241,81
0.117781,359.19,359.684,82
0.117789,404.842,405.138,56
0.117797,390.316,390.316,95
0.117805,361.067,360.672,45
0.117813,273.715,273.715,42
0.117821,303.063,303.36,34
0.117829,469.96,470.356,23
0.117837,497.036,497.036,14
0.117845,487.154,487.154,5
0.117853,450.198,450.593,1
0.117862,391.996,392.292,3
0.11787,379.15,379.447,1
0.117878,391.65,391.304,4
0.117886,375.692,375.494,2
0.117894,378.607,378.458,1
0.117902,364.328,364.625,2
0.11791,335.968,335.968,3
0.117918,377.47,377.47,1
0.117926,428.36,428.854,4
0.117934,507.905,507.905,2
0.117943,619.071,619.565,6
0.117951,549.605,549.407,7
0.117959,582.609,583.004,6
0.117967,374.605,374.506,11
0.117975,341.403,341.897,23
0.117983,381.126,381.423,33
0.117991,467.441,467.391,47
0.117999,443.676,443.676,60
0.118007,387.352,387.352,60
0.118015,322.134,322.134,84
0.118023,385.968,386.364,113
0.118032,447.628,447.628,108
0.11804,481.621,481.225,107
0.118048,492.292,492.095,103
0.118056,525.692,525.692,78
0.118064,518.083,517.787,50
0.118072,575.593,576.087,56
0.11808,603.607,603.755,102
0.118088,529.051,528.656,110
0.118096,607.708,607.708,121
0.118104,583.992,583.992,211
0.118113,651.383,651.186,201
0.118121,635.375,635.375,317
0.118129,604.743,604.743,337
0.118137,528.953,528.656,365
0.118145,443.676,443.676,480
0.118153,423.271,422.925,468
0.118161,591.502,591.897,511
0.118169,583.794,583.992,594
0.118177,563.241,563.241,595
0.118185,450.692,450.593,653
0.118194,337.253,336.957,604
0.118202,313.241,313.241,541
0.11821,365.217,365.613,509
0.118218,316.798,317.194,434
0.118226,312.253,312.253,399
0.118234,314.575,314.229,341
0.118242,293.824,293.478,375
0.11825,244.071,244.071,283
0.118258,242.095,242.095,253
0.118266,246.739,247.036,231
0.118274,291.848,291.502,246
0.118283,318.182,318.182,172
0.118291,346.146,345.85,127
0.118299,363.982,363.636,171
0.118307,264.18,263.834,103
0.118315,231.275,231.225,80
0.118323,321.146,321.146,78
0.118331,251.334,250.988,59
0.118339,230.188,230.237,41
0.118347,233.202,233.202,17
0.118355,234.19,234.19,7
0.118364,291.502,291.502,4
0.118372,423.073,422.925,5
0.11838,355.731,355.731,6
0.118388,411.561,412.055,10
0.118396,416.7,416.996,17
0.118404,451.136,451.581,15
0.118412,425.395,425.889,22
0.11842,293.083,293.478,30
0.118428,297.431,297.431,66
0.118436,341.798,341.897,93
0.118444,367.787,367.589,182
0.118453,372.53,372.53,152
0.118461,350.791,350.791,159
0.118469,271.245,271.739,168
0.118477,307.806,308.3,136
0.118485,453.854,453.557,106
0.118493,422.826,422.925,123
0.118501,435.771,435.771,122
0.118509,406.522,406.126,101
0.118517,397.233,397.233,101
0.118525,400.296,400.198,101
0.118534,400.543,400.198,102
0.118542,395.356,395.257,103
0.11855,495.652,496.047,142
0.118558,427.47,427.866,178
0.118566,436.759,436.759,251
0.118574,350.148,349.802,232
0.118582,401.68,402.174,167
0.11859,299.407,299.407,136
0.118598,371.937,371.542,142
0.118606,361.067,360.672,143
0.118614,348.518,348.814,144
0.118623,432.905,432.806,203
0.118631,292.984,293.478,185
0.118639,225.692,225.296,111
0.118647,359.19,359.684,111
0.118655,200.593,200.593,67
0.118663,204.545,204.545,107
0.118671,251.976,251.976,105
0.118679,207.51,207.51,102
0.118687,294.17,294.466,98
0.118695,296.146,296.443,99
0.118704,298.419,298.419,99
0.118712,241.107,241.107,99
0.11872,251.68,251.976,99
0.118728,213.34,213.439,100
0.118736,213.439,213.439,101
0.118744,276.877,276.68,99
0.118752,321.047,321.146,102
0.11876,307.312,307.312,105
0.118768,310.968,311.265,107
0.118776,309.289,309.289,163
0.118785,413.043,413.043,229
0.118793,438.439,438.735,298
0.118801,598.814,598.814,288
0.118809,510.474,510.87,261
0.118817,497.233,497.036,295
0.118825,410.771,411.067,299
0.118833,403.162,403.162,300
0.118841,385.375,385.375,298
0.118849,364.97,364.625,305
0.118857,363.834,363.636,327
0.118865,329.051,329.051,294
0.118874,280.336,280.632,303
0.118882,241.798,242.095,303
0.11889,315.217,315.217,282
0.118898,304.348,304.348,312
0.118906,260.227,259.881,289
0.118914,308.3,308.3,215
0.118922,401.779,402.174,219
0.11893,301.383,301.383,214
0.118938,268.478,268.775,218
0.118946,216.897,217.391,212
0.118955,224.358,224.308,162
0.118963,266.749,266.798,156
0.118971,305.435,305.336,50
0.118979,227.964,228.261,50
0.118987,282.609,282.609,101
0.118995,306.917,307.312,65
0.119003,416.206,416.008,83
0.119011,466.403,466.403,46
0.119019,527.668,527.668,24
0.119027,445.158,445.652,4
0.119035,433.202,432.806,4
0.119044,370.949,370.553,4
0.119052,356.769,356.719,3
0.11906,326.433,326.087,2
0.119068,366.601,366.601,3
0.119076,312.253,312.253,3
0.119084,317.54,317.194,4
0.119092,326.087,326.087,2
0.1191,319.862,320.158,3
0.119108,313.241,313.241,4
0.119116,328.656,329.051,3
0.119125,297.431,297.431,1
0.119133,245.059,245.059,1
0.119141,236.759,237.154,4
0.119149,245.751,246.047,1
0.119157,321.146,321.146,1
0.119165,313.093,313.241,1
0.119173,309.387,309.289,2
0.119181,268.775,268.775,5
0.119189,259.239,258.893,19
0.119197,261.462,261.858,52
0.119206,284.585,284.585,68
0.119214,482.905,483.202,110
0.119222,456.868,456.522,119
0.11923,414.723,415.02,101
0.119238,327.668,328.063,74
0.119246,320.158,320.158,107
0.119254,324.111,324.111,132
0.119262,332.51,333.004,134
0.11927,428.458,428.854,131
0.119278,285.03,284.585,131
0.119286,301.779,301.383,121
0.119295,362.006,361.66,122
0.119303,359.881,359.684,123
0.119311,374.852,374.506,123
0.119319,496.047,496.047,203
0.119327,456.621,456.522,209
0.119335,524.704,524.704,256
0.119343,463.389,463.439,308
0.119351,454.249,454.545,377
0.119359,476.285,476.285,380
0.119367,371.542,371.542,351
0.119376,374.901,374.506,318
0.119384,373.518,373.518,325
0.119392,423.913,423.913,336
0.1194,386.957,387.352,382
0.119408,397.233,397.233,398
0.119416,383.745,383.399,361
0.119424,479.496,479.249,367
0.119432,430.83,430.83,346
0.11944,350.593,350.791,288
0.119448,432.806,432.806,339
0.119456,447.332,447.628,364
0.119465,407.806,408.103,371
0.119473,379.101,379.447,397
0.119481,361.957,361.66,395
0.119489,360.672,360.672,370
0.119497,360.03,359.684,359
0.119505,397.184,397.233,345
0.119513,382.016,382.411,344
0.119521,350.395,350.791,337
0.119529,464.773,464.427,320
0.119537,513.834,513.834,338
0.119546,460.079,460.474,324
0.119554,451.877,451.581,296
0.119562,479.842,480.237,298
0.11957,451.581,451.581,285
0.119578,401.186,401.186,281
0.119586,385.573,385.375,230
0.119594,429.842,429.842,221
0.119602,383.399,383.399,212
0.11961,459.832,459.486,191
0.119618,468.972,469.368,200
0.119626,452.075,452.569,202
0.119635,492.095,492.095,299
0.119643,503.953,503.953,352
0.119651,475.296,475.296,404
0.119659,467.737,467.391,369
0.119667,472.431,472.332,352
0.119675,545.553,545.455,351
0.119683,543.478,543.478,354
0.119691,538.538,538.538,281
0.119699,510.87,510.87,277
0.119707,481.719,482.213,289
0.119716,441.798,441.7,342
0.119724,390.909,391.304,320
0.119732,320.455,320.158,249
0.11974,315.217,315.217,222
0.119748,340.909,340.909,222
0.119756,359.091,358.696,267
0.119764,339.921,339.921,204
0.119772,349.654,349.802,201
0.11978,351.779,351.779,207
0.119788,392.095,392.292,203
0.119797,438.834,438.735,171
0.119805,450.791,450.593,157
0.119813,449.605,449.605,145
0.119821,432.708,432.806,147
0.119829,415.02,415.02,120
0.119837,425.741,425.889,144
0.119845,518.775,518.775,186
0.119853,539.526,539.526,209
0.119861,547.431,547.431,257
0.119869,494.417,494.071,245
0.119877,546.937,547.431,200
0.119886,556.324,556.324,203
0.119894,573.37,573.123,208
0.119902,492.095,492.095,206
0.11991,480.336,480.237,210
0.119918,516.304,516.798,228
0.119926,438.192,437.747,243
0.119934,478.557,478.261,259
0.119942,419.96,419.96,301
0.11995,432.411,432.806,349
0.119958,405.435,405.138,292
0.119967,398.617,398.221,283
0.119975,405.929,406.126,251
0.119983,363.34,363.636,260
0.119991,437.747,437.747,264
0.119999,398.221,398.221,254
0.120007,397.233,397.233,241
0.120015,399.209,399.209,226
0.120023,357.708,357.708,253
0.120031,346.838,346.838,257
0.120039,338.933,338.933,260
0.120047,337.945,337.945,259
0.120056,337.945,337.945,309
0.120064,328.063,328.063,321
0.120072,310.277,310.277,285
0.12008,306.324,306.324,266
0.120088,301.383,301.383,269
0.120096,303.36,303.36,268
0.120104,300.395,300.395,241
0.120112,299.407,299.407,217
0.12012,297.431,297.431,187
0.120128,288.538,288.538,173
0.120137,288.538,288.538,178
0.120145,288.538,288.538,164
0.120153,288.538,288.538,148
0.120161,286.561,286.561,149
0.120169,286.561,286.561,115
0.120177,282.609,282.609,108
0.120185,280.632,280.632,111
0.120193,285.573,285.573,107
0.120201,287.549,287.549,106
0.120209,285.573,285.573,106
0.120218,269.763,269.763,102
0.120226,254.941,254.941,59
0.120234,254.941,254.941,59
0.120242,253.953,253.953,39
0.12025,257.905,257.905,21
0.120258,256.917,256.917,14
0.120266,255.929,255.929,7
0.120274,262.846,262.846,0
0.120282,257.905,257.905,0
0.12029,253.953,253.953,0
0.120298,253.953,253.953,0
0.120307,253.953,253.953,0
0.120315,256.917,256.917,0
0.120323,250.988,250.988,0
0.120331,254.941,254.941,0
0.120339,249.012,249.012,0
0.120347,251.976,251.976,0
0.120355,253.953,253.953,0
0.120363,251.976,251.976,0
0.120371,255.929,255.929,0
0.120379,253.953,253.953,0
0.120388,254.941,254.941,0
0.120396,257.905,257.905,0
0.120404,257.905,257.905,0
0.120412,232.213,232.213,0
0.12042,235.178,235.178,0
0.120428,235.178,235.178,0
0.120436,232.213,232.213,0
0.120444,239.13,239.13,0
0.120452,236.166,236.166,0
0.12046,235.178,235.178,0
0.120468,237.154,237.154,0
0.120477,241.107,241.107,0
0.120485,236.166,236.166,0
0.120493,241.107,241.107,0
0.120501,241.107,241.107,0
0.120509,241.107,241.107,0
0.120517,244.071,244.071,0
0.120525,233.202,233.202,0
0.120533,235.178,235.178,0
0.120541,233.202,233.202,0
0.120549,233.202,233.202,0
0.120558,233.202,233.202,0
0.120566,237.154,237.154,0
0.120574,233.202,233.202,0
0.120582,236.166,236.166,0
0.12059,239.13,239.13,0
0.120598,236.166,236.166,0
0.120606,240.119,240.119,0
0.120614,243.083,243.083,0
0.120622,237.154,237.154,0
0.12063,246.047,246.047,0
0.120638,244.071,244.071,0
0.120647,245.059,245.059,0
0.120655,244.071,244.071,0
0.120663,245.059,245.059,0
0.120671,249.012,249.012,0
0.120679,250,250,0
0.120687,248.024,248.024,0
0.120695,253.953,253.953,0
0.120703,250.988,250.988,0
0.120711,249.012,249.012,0
0.120719,254.941,254.941,0
0.120728,254.941,254.941,0
0.120736,255.929,255.929,0
0.120744,254.941,254.941,0
0.120752,257.905,257.905,0
0.12076,257.905,257.905,0
0.120768,256.917,256.917,0
0.120776,265.81,265.81,0
0.120784,257.905,257.905,0
0.120792,264.822,264.822,0
0.1208,263.834,263.834,0
0.120809,260.87,260.87,0
0.120817,263.834,263.834,0
0.120825,265.81,265.81,0
0.120833,270.751,270.751,0
0.120841,265.81,265.81,0
0.120849,269.763,269.763,0
0.120857,272.727,272.727,0
0.120865,269.763,269.763,0
0.120873,270.751,270.751,0
0.120881,273.715,273.715,0
0.120889,277.668,277.668,0
0.120898,272.727,272.727,0
0.120906,275.692,275.692,0
0.120914,276.68,276.68,0
0.120922,280.632,280.632,0
0.12093,278.656,278.656,0
0.120938,279.644,279.644,0
0.120946,282.609,282.609,0
0.120954,283.597,283.597,0
0.120962,281.621,281.621,0
0.12097,283.597,283.597,0
0.120979,286.561,286.561,0
0.120987,284.585,284.585,0
0.120995,287.549,287.549,0
0.121003,292.49,292.49,0
0.121011,285.573,285.573,0
0.121019,282.609,282.609,0
0.121027,280.632,280.632,0
0.121035,281.621,281.621,0
0.121043,283.597,283.597,0
0.121051,285.573,285.573,0
0.121059,286.561,286.561,0
0.121068,284.585,284.585,0
0.121076,287.549,287.549,0
0.121084,286.561,286.561,0
0.121092,288.538,288.538,0
0.1211,288.538,288.538,0
0.121108,292.49,292.49,0
0.121116,292.49,292.49,0
0.121124,295.455,295.455,0
0.121132,290.514,290.514,0
0.12114,296.443,296.443,0
0.121149,291.502,291.502,0
0.121157,297.431,297.431,0
0.121165,298.419,298.419,0
0.121173,301.383,301.383,0
0.121181,298.419,298.419,0
0.121189,300.395,300.395,0
0.121197,300.395,300.395,0
0.121205,303.36,303.36,0
0.121213,303.36,303.36,0
0.121221,303.36,303.36,0
0.12123,308.3,308.3,0
0.121238,305.336,305.336,0
0.121246,307.312,307.312,0
0.121254,308.3,308.3,0
0.121262,306.324,306.324,0
0.12127,313.241,313.241,0
0.121278,311.265,311.265,0
0.121286,312.253,312.253,0
0.121294,317.194,317.194,0
0.121302,311.265,311.265,0
0.12131,298.419,298.419,0
0.121319,298.419,298.419,0
0.121327,303.36,303.36,0
0.121335,303.36,303.36,0
0.121343,301.383,301.383,0
0.121351,305.336,305.336,0
0.121359,303.36,303.36,0
0.121367,304.348,304.348,0
0.121375,307.312,307.312,0
0.121383,308.3,308.3,0
0.121391,309.289,309.289,0
0.1214,310.277,310.277,0
0.121408,313.241,313.241,0
0.121416,287.549,287.549,0
0.121424,255.929,255.929,0
0.121432,256.917,256.917,1
0.12144,258.893,258.893,0
0.121448,257.905,257.905,0
0.121456,260.87,260.87,0
0.121464,257.905,257.905,0
0.121472,263.834,263.834,0
0.12148,260.87,260.87,0
0.121489,263.834,263.834,0
0.121497,266.798,266.798,0
0.121505,264.822,264.822,0
0.121513,267.787,267.787,0
0.121521,266.798,266.798,0
0.121529,270.751,270.751,0
0.121537,270.751,270.751,0
0.121545,270.751,270.751,0
0.121553,271.739,271.739,0
0.121561,273.715,273.715,0
0.12157,274.704,274.704,0
0.121578,275.692,275.692,0
0.121586,276.68,276.68,0
0.121594,273.715,273.715,0
0.121602,280.632,280.632,0
0.12161,282.609,282.609,0
0.121618,279.644,279.644,0
0.121626,281.621,281.621,0
0.121634,281.621,281.621,0
0.121642,282.609,282.609,0
0.12165,284.585,284.585,0
0.121659,287.549,287.549,0
0.121667,288.538,288.538,0
0.121675,286.561,286.561,0
0.121683,290.514,290.514,0
0.121691,289.526,289.526,0
0.121699,289.526,289.526,0
0.121707,287.549,287.549,0
0.121715,276.68,276.68,0
0.121723,282.609,282.609,0
0.121731,275.692,275.692,0
0.12174,277.668,277.668,0
0.121748,282.609,282.609,0
0.121756,278.656,278.656,0
0.121764,266.798,266.798,0
0.121772,252.964,252.964,0
0.12178,250,250,0
0.121788,254.941,254.941,0
0.121796,253.953,253.953,0
0.121804,253.953,253.953,0
0.121812,252.964,252.964,0
0.121821,258.893,258.893,0
0.121829,258.893,258.893,0
0.121837,257.905,257.905,0
0.121845,259.881,259.881,0
0.121853,259.881,259.881,0
0.121861,258.893,258.893,0
0.121869,263.834,263.834,0
0.121877,261.858,261.858,0
0.121885,265.81,265.81,0
0.121893,265.81,265.81,0
0.121901,264.822,264.822,0
0.12191,266.798,266.798,0
0.121918,266.798,266.798,0
0.121926,265.81,265.81,0
0.121934,273.715,273.715,0
0.121942,269.763,269.763,0
0.12195,269.763,269.763,0
0.121958,275.692,275.692,0
0.121966,270.751,270.751,0
0.121974,274.704,274.704,0
0.121982,274.704,274.704,1
0.121991,277.668,277.668,1
0.121999,275.692,275.692,1
0.122007,277.668,277.668,0
0.122015,278.656,278.656,2
0.122023,277.668,277.668,1
0.122031,279.644,279.644,1
0.122039,280.632,280.632,2
0.122047,284.585,284.585,2
0.122055,283.597,283.597,3
0.122063,282.609,282.609,2
0.122071,284.585,284.585,3
0.12208,285.573,285.573,4
0.122088,285.573,285.573,7
0.122096,288.538,288.538,20
0.122104,289.526,289.526,30
0.122112,288.538,288.538,48
0.12212,290.514,290.514,57
0.122128,290.514,290.514,58
0.122136,290.514,290.514,92
0.122144,292.49,292.49,117
0.122152,292.49,292.49,117
0.122161,295.455,295.455,120
0.122169,295.455,295.455,116
0.122177,294.466,294.466,119
0.122185,294.466,294.466,121
0.122193,298.419,298.419,119
0.122201,293.478,293.478,120
0.122209,301.383,301.383,119
0.122217,296.443,296.443,121
0.122225,297.431,297.431,121
0.122233,300.395,300.395,121
0.122242,299.407,299.407,121
0.12225,294.466,294.466,122
0.122258,302.372,302.372,123
0.122266,297.431,297.431,123
0.122274,298.419,298.419,121
0.122282,300.395,300.395,124
0.12229,297.431,297.431,124
0.122298,298.419,298.419,124
0.122306,294.466,294.466,125
0.122314,293.478,293.478,124
0.122322,296.443,296.443,126
0.122331,296.443,296.443,124
0.122339,295.455,295.455,126
0.122347,295.455,295.455,127
0.122355,287.549,287.549,126
0.122363,291.502,291.502,127
0.122371,290.514,290.514,127
0.122379,290.514,290.514,127
0.122387,293.478,293.478,129
0.122395,286.561,286.561,129
0.122403,285.573,285.573,127
0.122412,284.585,284.585,129
0.12242,284.585,284.585,130
0.122428,283.597,283.597,129
0.122436,279.644,279.644,131
0.122444,252.964,252.964,129
0.122452,247.036,247.036,131
0.12246,250,250,131
0.122468,248.024,248.024,132
0.122476,222.332,222.332,120
0.122484,199.605,199.605,102
0.122492,198.617,198.617,103
0.122501,198.617,198.617,104
0.122509,201.581,201.581,104
0.122517,202.569,202.569,104
0.122525,202.569,202.569,105
0.122533,205.534,205.534,106
0.122541,202.569,202.569,105
0.122549,205.534,205.534,104
0.122557,197.628,197.628,106
0.122565,182.806,182.806,82
0.122573,183.794,183.794,84
0.122582,185.771,185.771,83
0.12259,186.759,186.759,83
0.122598,184.783,184.783,84
0.122606,186.759,186.759,83
0.122614,187.747,187.747,85
0.122622,188.735,188.735,84
0.12263,187.747,187.747,86
0.122638,188.735,188.735,85
0.122646,187.747,187.747,85
0.122654,191.7,191.7,42
0.122662,190.711,190.711,43
0.122671,166.996,166.996,43
0.122679,166.996,166.996,39
0.122687,166.996,166.996,27
0.122695,149.209,149.209,19
0.122703,140.316,140.316,8
0.122711,141.304,141.304,3
0.122719,140.316,140.316,2
0.122727,142.292,142.292,1
0.122735,141.304,141.304,0
0.122743,140.316,140.316,0
0.122752,141.304,141.304,0
0.12276,139.328,139.328,0
0.122768,131.423,131.423,0
0.122776,130.435,130.435,0
0.122784,132.411,132.411,0
0.122792,132.411,132.411,0
0.1228,131.423,131.423,0
0.122808,131.423,131.423,0
0.122816,133.399,133.399,0
0.122824,129.447,129.447,0
0.122833,101.779,101.779,0
0.122841,102.767,102.767,0
0.122849,103.755,103.755,0
0.122857,104.743,104.743,0
0.122865,101.779,101.779,0
0.122873,103.755,103.755,0
0.122881,103.755,103.755,0
0.122889,105.731,105.731,0
0.122897,103.755,103.755,0
0.122905,105.731,105.731,0
0.122913,105.731,105.731,0
0.122922,105.731,105.731,0
0.12293,105.731,105.731,0
0.122938,97.8261,97.8261,0
0.122946,72.1344,72.1344,0
0.122954,74.1107,74.1107,0
0.122962,73.1225,73.1225,0
0.12297,72.1344,72.1344,0
0.122978,73.1225,73.1225,0
0.122986,74.1107,74.1107,0
0.122994,73.1225,73.1225,0
0.123003,75.0988,75.0988,0
0.123011,75.0988,75.0988,0
0.123019,75.0988,75.0988,0
0.123027,75.0988,75.0988,0
0.123035,74.1107,74.1107,0
0.123043,75.0988,75.0988,0
0.123051,75.0988,75.0988,0
0.123059,77.0751,77.0751,0
0.123067,75.0988,75.0988,0
0.123075,78.0632,78.0632,0
0.123083,78.0632,78.0632,0
0.123092,75.0988,75.0988,0
0.1231,78.0632,78.0632,0
0.123108,77.0751,77.0751,0
0.123116,79.0514,79.0514,0
0.123124,78.0632,78.0632,0
0.123132,80.0395,80.0395,0
0.12314,78.0632,78.0632,0
0.123148,79.0514,79.0514,0
0.123156,78.0632,78.0632,0
0.123164,81.0277,81.0277,0
0.123173,79.0514,79.0514,0
0.123181,80.0395,80.0395,0
0.123189,82.0158,82.0158,0
0.123197,79.0514,79.0514,0
0.123205,82.0158,82.0158,0
0.123213,81.0277,81.0277,0
0.123221,82.0158,82.0158,0
0.123229,83.004,83.004,0
0.123237,81.0277,81.0277,0
0.123245,83.004,83.004,0
0.123254,82.0158,82.0158,0
0.123262,82.0158,82.0158,0
0.12327,84.9802,84.9802,0
0.123278,83.9921,83.9921,0
0.123286,83.9921,83.9921,0
0.123294,83.9921,83.9921,0
0.123302,83.9921,83.9921,0
0.12331,84.9802,84.9802,0
0.123318,83.9921,83.9921,0
0.123326,84.9802,84.9802,0
0.123334,86.9565,86.9565,0
0.123343,84.9802,84.9802,0
0.123351,86.9565,86.9565,0
0.123359,86.9565,86.9565,0
0.123367,85.9684,85.9684,0
0.123375,86.9565,86.9565,0
0.123383,85.9684,85.9684,0
0.123391,88.9328,88.9328,0
0.123399,87.9447,87.9447,0
0.123407,86.9565,86.9565,0
0.123415,89.9209,89.9209,0
0.123424,86.9565,86.9565,0
0.123432,89.9209,89.9209,0
0.12344,88.9328,88.9328,0
0.123448,89.9209,89.9209,0
0.123456,89.9209,89.9209,0
0.123464,89.9209,89.9209,0
0.123472,89.9209,89.9209,0
0.12348,88.9328,88.9328,0
0.123488,92.8854,92.8854,0
0.123496,90.9091,90.9091,0
0.123504,90.9091,90.9091,0
0.123513,91.8972,91.8972,0
0.123521,92.8854,92.8854,0
0.123529,90.9091,90.9091,0
0.123537,93.8735,93.8735,0
0.123545,91.8972,91.8972,0
0.123553,92.8854,92.8854,0
0.123561,91.8972,91.8972,0
0.123569,69.17,69.17,0
0.123577,70.1581,70.1581,0
0.123585,69.17,69.17,0
0.123594,68.1818,68.1818,0
0.123602,70.1581,70.1581,0
0.12361,71.1462,71.1462,0
0.123618,69.17,69.17,0
0.123626,70.1581,70.1581,0
0.123634,72.1344,72.1344,0
0.123642,70.1581,70.1581,0
0.12365,71.1462,71.1462,0
0.123658,71.1462,71.1462,0
0.123666,71.1462,71.1462,0
0.123674,72.1344,72.1344,0
0.123683,72.1344,72.1344,0
0.123691,72.1344,72.1344,0
0.123699,71.1462,71.1462,0
0.123707,72.1344,72.1344,0
0.123715,73.1225,73.1225,0
0.123723,74.1107,74.1107,0
0.123731,72.1344,72.1344,0
0.123739,74.1107,74.1107,0
0.123747,74.1107,74.1107,0
0.123755,73.1225,73.1225,0
0.123764,75.0988,75.0988,0
0.123772,74.1107,74.1107,0
0.12378,74.1107,74.1107,0
0.123788,75.0988,75.0988,0
0.123796,74.1107,74.1107,0
0.123804,64.2292,64.2292,0
0.123812,39.5257,39.5257,0
0.12382,39.5257,39.5257,0
0.123828,40.5138,40.5138,0
0.123836,40.5138,40.5138,0
0.123845,39.5257,39.5257,0
0.123853,40.5138,40.5138,0
0.123861,41.502,41.502,0
0.123869,39.5257,39.5257,0
0.123877,40.5138,40.5138,0
0.123885,41.502,41.502,0
0.123893,41.502,41.502,0
0.123901,41.502,41.502,0
0.123909,40.5138,40.5138,0
0.123917,41.502,41.502,0
0.123925,41.502,41.502,0
0.123934,42.4901,42.4901,0
0.123942,42.4901,42.4901,0
0.12395,40.5138,40.5138,0
0.123958,43.4783,43.4783,0
0.123966,42.4901,42.4901,0
0.123974,41.502,41.502,0
0.123982,43.4783,43.4783,0
0.12399,42.4901,42.4901,0
0.123998,42.4901,42.4901,0
0.124006,42.4901,42.4901,0
0.124015,43.4783,43.4783,0
0.124023,44.4664,44.4664,0
0.124031,43.4783,43.4783,0
0.124039,42.4901,42.4901,0
0.124047,43.4783,43.4783,0
0.124055,44.4664,44.4664,0
0.124063,44.4664,44.4664,0
0.124071,43.4783,43.4783,0
0.124079,44.4664,44.4664,0
0.124087,45.4545,45.4545,0
0.124095,44.4664,44.4664,0
0.124104,44.4664,44.4664,0
0.124112,44.4664,44.4664,0
0.12412,45.4545,45.4545,0
0.124128,45.4545,45.4545,0
0.124136,44.4664,44.4664,0
0.124144,45.4545,45.4545,0
0.124152,45.4545,45.4545,0
0.12416,45.4545,45.4545,0
0.124168,46.4427,46.4427,0
0.124176,45.4545,45.4545,0
0.124185,47.4308,47.4308,0
0.124193,45.4545,45.4545,0
0.124201,46.4427,46.4427,0
0.124209,46.4427,46.4427,0
0.124217,46.4427,46.4427,0
0.124225,47.4308,47.4308,0
0.124233,46.4427,46.4427,0
0.124241,47.4308,47.4308,0
0.124249,47.4308,47.4308,0
0.124257,47.4308,47.4308,0
0.124266,47.4308,47.4308,0
0.124274,47.4308,47.4308,0
0.124282,48.419,48.419,0
0.12429,47.4308,47.4308,0
0.124298,48.419,48.419,0
0.124306,47.4308,47.4308,0
0.124314,48.419,48.419,0
0.124322,48.419,48.419,0
0.12433,48.419,48.419,0
0.124338,49.4071,49.4071,0
0.124346,49.4071,49.4071,0
0.124355,48.419,48.419,0
0.124363,49.4071,49.4071,0
0.124371,48.419,48.419,0
0.124379,50.3953,50.3953,0
0.124387,49.4071,49.4071,0
0.124395,50.3953,50.3953,0
0.124403,49.4071,49.4071,0
0.124411,50.3953,50.3953,0
0.124419,49.4071,49.4071,0
0.124427,50.3953,50.3953,0
0.124436,50.3953,50.3953,0
0.124444,50.3953,50.3953,0
0.124452,51.3834,51.3834,0
0.12446,29.6443,29.6443,0
0.124468,27.668,27.668,0
0.124476,27.668,27.668,0
0.124484,26.6798,26.6798,0
0.124492,27.668,27.668,0
0.1245,27.668,27.668,0
0.124508,27.668,27.668,0
0.124516,27.668,27.668,0
0.124525,27.668,27.668,0
0.124533,27.668,27.668,0
0.124541,27.668,27.668,0
0.124549,27.668,27.668,0
0.124557,28.6561,28.6561,0
0.124565,27.668,27.668,0
0.124573,28.6561,28.6561,0
0.124581,27.668,27.668,0
0.124589,28.6561,28.6561,0
0.124597,27.668,27.668,0
0.124606,28.6561,28.6561,0
0.124614,28.6561,28.6561,0
0.124622,28.6561,28.6561,0
0.12463,28.6561,28.6561,0
0.124638,28.6561,28.6561,0
0.124646,28.6561,28.6561,0
0.124654,28.6561,28.6561,0
0.124662,28.6561,28.6561,0
0.12467,28.6561,28.6561,0
0.124678,29.6443,29.6443,0
0.124686,28.6561,28.6561,0
0.124695,29.6443,29.6443,0
0.124703,28.6561,28.6561,0
0.124711,29.6443,29.6443,0
0.124719,28.6561,28.6561,0
0.124727,29.6443,29.6443,0
0.124735,29.6443,29.6443,0
0.124743,29.6443,29.6443,0
0.124751,15.8103,15.8103,0
