time_s,max_queue_bytes
0.0999937,728
0.100018,1028
0.100026,1028
0.100034,1028
0.100042,1028
0.10005,1028
0.100058,1028
0.100067,1028
0.100075,1028
0.100083,1028
0.100091,1028
0.100099,1028
0.100107,1028
0.100115,1028
0.100123,1028
0.100131,1028
0.100139,1028
0.100148,1028
0.100156,1028
0.100164,1028
0.100172,1028
0.10018,1028
0.100188,1028
0.100196,1028
0.100204,1028
0.100212,1028
0.10022,1028
0.100228,1028
0.100237,1028
0.100245,1028
0.100253,1028
0.100261,9252
0.100269,22616
0.100277,51400
0.100285,50700
0.100293,63736
0.100301,148032
0.100309,236440
0.100318,324848
0.100326,377276
0.100334,399892
0.100342,399892
0.10035,399892
0.100358,399892
0.100366,399892
0.100374,399892
0.100382,399892
0.10039,399892
0.100398,399570
0.100407,399570
0.100415,399570
0.100423,399570
0.100431,399892
0.100439,399892
0.100447,399892
0.100455,399892
0.100463,399892
0.100471,399892
0.100479,399892
0.100488,390140
0.100496,332572
0.100504,288368
0.100512,236968
0.10052,223076
0.100528,203544
0.100536,157284
0.100544,107940
0.100552,56540
0.10056,6168
0.100569,42148
0.100577,66220
0.100585,97660
0.100593,124388
0.100601,173732
0.100609,240552
0.100617,307372
0.100625,399492
0.100633,399492
0.100641,399492
0.100649,399492
0.100658,399892
0.100666,399892
0.100674,399892
0.100682,399892
0.10069,399892
0.100698,399292
0.100706,399292
0.100714,399820
0.100722,399920
0.10073,399920
0.100739,380388
0.100747,312540
0.100755,237996
0.100763,168292
0.100771,120276
0.100779,131584
0.100787,143920
0.100795,149060
0.100803,118220
0.100811,152144
0.100819,242608
0.100828,307372
0.100836,306344
0.100844,278588
0.100852,251460
0.10086,224432
0.100868,199760
0.100876,186796
0.100884,145676
0.100892,113080
0.1009,104856
0.100909,30840
0.100917,1028
0.100925,1028
0.100933,1028
0.100941,1028
0.100949,1028
0.100957,1028
0.100965,1028
0.100973,1028
0.100981,1028
0.10099,1028
0.100998,1028
0.101006,1028
0.101014,1028
0.101022,1028
0.10103,1028
0.101038,78128
0.101046,177844
0.101054,276532
0.101062,376776
0.10107,399392
0.101079,399392
0.101087,399820
0.101095,399820
0.101103,399920
0.101111,399920
0.101119,399920
0.101127,399492
0.101135,398864
0.101143,398864
0.101151,398864
0.10116,398864
0.101168,398864
0.101176,394752
0.101184,309428
0.101192,225132
0.1012,141864
0.101208,59624
0.101216,1028
0.101224,1028
0.101232,1028
0.10124,1028
0.101249,1028
0.101257,1028
0.101265,1028
0.101273,1028
0.101281,1028
0.101289,1028
0.101297,1028
0.101305,1028
0.101313,1028
0.101321,16448
0.10133,16448
0.101338,11308
0.101346,11308
0.101354,108968
0.101362,210740
0.10137,311484
0.101378,336156
0.101386,342024
0.101394,349220
0.101402,355388
0.10141,399892
0.101419,399892
0.101427,399892
0.101435,399892
0.101443,399892
0.101451,399892
0.101459,399892
0.101467,399892
0.101475,399892
0.101483,399892
0.101491,399892
0.1015,399892
0.101508,399892
0.101516,399892
0.101524,399892
0.101532,399892
0.10154,399892
0.101548,399892
0.101556,399892
0.101564,399242
0.101572,399242
0.101581,399242
0.101589,399570
0.101597,390968
0.101605,346364
0.101613,313468
0.101621,261040
0.101629,187096
0.101637,209712
0.101645,231300
0.101653,253916
0.101661,272420
0.10167,301204
0.101678,332044
0.101686,345408
0.101694,343352
0.101702,341296
0.10171,339240
0.101718,336156
0.101726,329988
0.101734,327932
0.101742,322792
0.101751,235412
0.101759,188124
0.101767,288868
0.101775,337184
0.101783,314568
0.101791,268308
0.101799,284156
0.101807,386528
0.101815,399892
0.101823,399892
0.101831,399892
0.10184,399970
0.101848,399892
0.101856,399892
0.101864,399892
0.101872,399892
0.10188,399892
0.101888,399892
0.101896,399892
0.101904,399920
0.101912,399920
0.101921,399920
0.101929,399920
0.101937,399920
0.101945,399892
0.101953,399892
0.101961,399892
0.101969,399892
0.101977,399892
0.101985,399892
0.101993,399892
0.102002,399492
0.10201,399492
0.102018,399492
0.102026,399892
0.102034,399892
0.102042,399892
0.10205,399892
0.102058,399892
0.102066,399892
0.102074,399892
0.102082,399892
0.102091,399892
0.102099,399892
0.102107,399892
0.102115,399892
0.102123,399892
0.102131,399970
0.102139,399970
0.102147,367602
0.102155,352810
0.102163,380188
0.102172,399720
0.10218,399820
0.102188,399492
0.102196,399892
0.102204,399892
0.102212,399892
0.10222,399892
0.102228,399892
0.102236,399892
0.102244,399892
0.102252,399892
0.102261,399892
0.102269,399892
0.102277,399892
0.102285,399892
0.102293,399892
0.102301,399892
0.102309,399892
0.102317,399892
0.102325,399892
0.102333,399892
0.102342,399892
0.10235,399892
0.102358,399892
0.102366,399170
0.102374,399826
0.102382,399898
0.10239,399898
0.102398,399898
0.102406,399898
0.102414,399892
0.102422,399770
0.102431,399892
0.102439,399892
0.102447,399892
0.102455,399892
0.102463,399892
0.102471,399492
0.102479,399492
0.102487,397436
0.102495,396408
0.102503,375220
0.102512,338212
0.10252,333072
0.102528,319708
0.102536,286162
0.102544,275882
0.102552,273826
0.10256,272420
0.102568,270364
0.102576,273448
0.102584,323820
0.102593,363912
0.102601,399892
0.102609,399892
0.102617,399892
0.102625,399892
0.102633,399892
0.102641,399492
0.102649,399492
0.102657,399492
0.102665,399892
0.102673,399892
0.102682,399892
0.10269,399292
0.102698,399820
0.102706,399892
0.102714,399892
0.102722,399892
0.10273,399892
0.102738,399892
0.102746,399892
0.102754,399892
0.102763,399892
0.102771,399892
0.102779,364940
0.102787,385100
0.102795,399492
0.102803,399892
0.102811,399892
0.102819,399892
0.102827,399892
0.102835,399892
0.102843,399892
0.102852,399892
0.10286,399592
0.102868,399592
0.102876,387256
0.102884,368024
0.102892,372136
0.1029,373164
0.102908,354660
0.102916,335128
0.102924,315596
0.102933,315596
0.102941,307600
0.102949,290124
0.102957,308628
0.102965,337184
0.102973,363912
0.102981,391668
0.102989,399892
0.102997,399892
0.103005,399892
0.103014,373164
0.103022,333072
0.10303,288868
0.103038,246720
0.103046,211768
0.103054,189152
0.103062,153172
0.10307,114108
0.103078,79156
0.103086,52428
0.103094,26728
0.103103,1028
0.103111,1028
0.103119,1028
0.103127,1028
0.103135,14392
0.103143,65792
0.103151,99716
0.103159,89436
0.103167,60652
0.103175,38036
0.103184,58596
0.103192,88408
0.1032,115136
0.103208,125416
0.103216,109996
0.103224,145476
0.103232,211768
0.10324,211768
0.103248,294008
0.103256,302232
0.103264,298120
0.103273,294008
0.103281,288868
0.103289,266780
0.103297,254944
0.103305,296064
0.103313,328960
0.103321,315596
0.103329,269336
0.103337,283728
0.103345,299148
0.103354,315596
0.103362,329988
0.10337,344380
0.103378,359800
0.103386,371108
0.103394,383444
0.103402,399892
0.10341,399892
0.103418,399892
0.103426,367624
0.103434,311084
0.103443,292958
0.103451,334078
0.103459,373792
0.103467,399492
0.103475,399892
0.103483,399892
0.103491,399870
0.103499,399492
0.103507,399492
0.103515,399892
0.103524,399892
0.103532,399892
0.10354,399892
0.103548,399892
0.103556,399892
0.103564,399892
0.103572,399892
0.10358,399892
0.103588,399892
0.103596,399492
0.103605,399492
0.103613,399492
0.103621,399492
0.103629,376248
0.103637,378304
0.103645,388584
0.103653,390240
0.103661,390240
0.103669,390240
0.103677,390240
0.103685,390640
0.103694,399492
0.103702,399892
0.10371,399892
0.103718,399892
0.103726,399892
0.103734,399892
0.103742,399892
0.10375,399892
0.103758,399892
0.103766,399892
0.103775,399892
0.103783,399392
0.103791,399392
0.103799,399392
0.103807,399970
0.103815,399970
0.103823,399970
0.103831,388712
0.103839,399592
0.103847,373892
0.103855,321542
0.103864,308178
0.103872,289674
0.10388,277560
0.103888,278188
0.103896,286412
0.103904,293608
0.103912,283228
0.10392,258556
0.103928,232856
0.103936,209712
0.103945,178872
0.103953,195320
0.103961,231300
0.103969,267280
0.103977,298120
0.103985,303260
0.103993,320436
0.104001,321464
0.104009,322492
0.104017,325876
0.104026,315596
0.104034,281672
0.104042,276532
0.10405,259056
0.104058,225132
0.104066,178872
0.104074,95604
0.104082,66320
0.10409,87380
0.104098,120276
0.104106,142892
0.104115,150088
0.104123,156256
0.104131,153172
0.104139,117192
0.104147,77828
0.104155,79156
0.104163,58596
0.104171,123360
0.104179,156256
0.104187,184012
0.104196,193264
0.104204,209712
0.104212,300176
0.10422,375220
0.104228,399892
0.104236,399492
0.104244,399492
0.104252,399492
0.10426,399620
0.104268,399292
0.104276,396208
0.104285,392696
0.104293,388584
0.104301,383444
0.104309,385500
0.104317,398864
0.104325,399892
0.104333,399492
0.104341,399492
0.104349,399920
0.104357,399920
0.104366,399670
0.104374,399670
0.104382,399670
0.10439,382794
0.104398,315974
0.104406,251560
0.104414,242836
0.104422,234612
0.10443,225660
0.104438,240430
0.104446,242486
0.104455,218314
0.104463,191208
0.104471,258028
0.104479,359800
0.104487,399892
0.104495,399892
0.104503,399892
0.104511,399620
0.104519,399320
0.104527,399320
0.104536,399970
0.104544,399892
0.104552,399892
0.10456,399892
0.104568,399892
0.104576,399892
0.104584,399892
0.104592,399892
0.1046,399892
0.104608,399892
0.104617,399892
0.104625,399892
0.104633,399892
0.104641,399892
0.104649,399892
0.104657,399892
0.104665,399892
0.104673,399092
0.104681,399092
0.104689,399092
0.104697,399892
0.104706,399892
0.104714,399892
0.104722,399892
0.10473,399892
0.104738,399892
0.104746,399892
0.104754,399592
0.104762,399592
0.10477,399592
0.104778,399892
0.104787,399892
0.104795,399892
0.104803,399892
0.104811,399892
0.104819,399892
0.104827,399892
0.104835,399892
0.104843,399892
0.104851,399892
0.104859,399892
0.104867,399892
0.104876,399892
0.104884,399892
0.104892,399892
0.1049,399892
0.104908,399892
0.104916,399892
0.104924,399892
0.104932,399892
0.10494,399892
0.104948,399892
0.104957,399892
0.104965,399892
0.104973,399892
0.104981,399892
0.104989,399892
0.104997,399892
0.105005,399892
0.105013,399892
0.105021,399892
0.105029,399892
0.105038,399892
0.105046,399892
0.105054,399892
0.105062,399892
0.10507,399892
0.105078,399892
0.105086,399892
0.105094,399892
0.105102,399892
0.10511,399892
0.105118,399892
0.105127,399892
0.105135,399892
0.105143,399892
0.105151,399892
0.105159,399892
0.105167,399892
0.105175,399892
0.105183,399920
0.105191,399920
0.105199,399892
0.105208,399892
0.105216,399892
0.105224,399892
0.105232,399892
0.10524,399892
0.105248,399892
0.105256,399892
0.105264,399392
0.105272,399892
0.10528,399892
0.105288,399892
0.105297,399892
0.105305,399892
0.105313,399892
0.105321,399892
0.105329,399892
0.105337,399892
0.105345,399892
0.105353,399192
0.105361,399192
0.105369,399892
0.105378,399492
0.105386,395380
0.105394,399492
0.105402,399892
0.10541,399892
0.105418,399892
0.105426,399892
0.105434,399070
0.105442,399070
0.10545,399470
0.105458,392274
0.105467,399920
0.105475,399920
0.105483,399892
0.105491,399892
0.105499,399892
0.105507,399892
0.105515,399892
0.105523,399892
0.105531,399892
0.105539,399892
0.105548,399892
0.105556,399892
0.105564,399892
0.105572,399892
0.10558,399892
0.105588,399892
0.105596,399892
0.105604,399892
0.105612,399892
0.10562,399892
0.105629,399892
0.105637,399970
0.105645,399970
0.105653,399970
0.105661,399892
0.105669,399892
0.105677,396808
0.105685,394830
0.105693,399970
0.105701,399970
0.105709,399970
0.105718,399892
0.105726,399892
0.105734,399892
0.105742,399892
0.10575,399892
0.105758,399892
0.105766,399892
0.105774,399892
0.105782,399892
0.10579,399892
0.105799,399242
0.105807,399242
0.105815,397236
0.105823,391668
0.105831,387056
0.105839,383972
0.105847,399392
0.105855,399892
0.105863,399892
0.105871,399892
0.105879,399892
0.105888,399242
0.105896,399892
0.105904,399892
0.105912,399892
0.10592,398214
0.105928,399770
0.105936,399770
0.105944,399770
0.105952,399770
0.10596,399892
0.105969,391668
0.105977,397836
0.105985,399892
0.105993,399892
0.106001,399892
0.106009,399592
0.106017,399592
0.106025,399092
0.106033,399392
0.106041,399392
0.10605,399892
0.106058,399892
0.106066,399892
0.106074,399892
0.106082,399892
0.10609,399920
0.106098,399920
0.106106,399920
0.106114,393752
0.106122,379332
0.10613,399592
0.106139,383144
0.106147,339968
0.106155,300904
0.106163,269336
0.106171,264196
0.106179,264196
0.106187,264196
0.106195,262140
0.106203,247748
0.106211,232956
0.10622,213824
0.106228,265224
0.106236,276532
0.106244,264196
0.106252,268008
0.10626,257028
0.106268,265552
0.106276,274404
0.106284,276460
0.106292,274076
0.1063,287668
0.106309,302060
0.106317,318080
0.106325,332044
0.106333,348492
0.106341,367724
0.106349,386228
0.106357,399820
0.106365,399820
0.106373,399820
0.106381,399820
0.10639,399820
0.106398,396508
0.106406,383444
0.106414,371108
0.106422,399592
0.10643,399892
0.106438,399892
0.106446,399892
0.106454,399892
0.106462,399892
0.10647,399892
0.106479,399892
0.106487,399892
0.106495,399392
0.106503,399770
0.106511,399770
0.106519,399770
0.106527,399892
0.106535,399892
0.106543,399892
0.106551,399492
0.10656,394752
0.106568,399892
0.106576,399892
0.106584,399892
0.106592,399892
0.1066,399892
0.106608,399892
0.106616,399292
0.106624,399292
0.106632,399292
0.106641,399892
0.106649,399892
0.106657,399392
0.106665,399392
0.106673,399392
0.106681,399892
0.106689,399892
0.106697,399892
0.106705,399892
0.106713,399892
0.106721,399392
0.10673,399392
0.106738,399392
0.106746,399770
0.106754,399242
0.106762,396158
0.10677,349898
0.106778,323170
0.106786,311484
0.106794,357744
0.106802,399892
0.106811,399892
0.106819,399892
0.106827,399892
0.106835,399892
0.106843,399892
0.106851,399892
0.106859,399392
0.106867,399392
0.106875,399392
0.106883,394252
0.106891,341296
0.1069,287840
0.106908,258028
0.106916,237468
0.106924,249282
0.106932,258028
0.10694,249804
0.106948,248776
0.106956,269336
0.106964,297092
0.106972,313918
0.106981,373542
0.106989,374570
0.106997,367374
0.107005,329288
0.107013,288168
0.107021,251160
0.107029,212096
0.107037,168592
0.107045,152872
0.107053,148760
0.107062,130556
0.10707,167564
0.107078,251860
0.107086,268308
0.107094,239524
0.107102,191436
0.10711,142092
0.107118,92520
0.107126,44204
0.107134,34952
0.107142,61680
0.107151,94576
0.107159,127472
0.107167,140836
0.107175,112052
0.107183,59624
0.107191,32896
0.107199,1028
0.107207,1028
0.107215,1028
0.107223,1028
0.107232,1028
0.10724,1028
0.107248,1028
0.107256,1028
0.107264,1028
0.107272,1028
0.10728,1028
0.107288,27756
0.107296,122332
0.107304,194292
0.107312,226160
0.107321,225132
0.107329,222048
0.107337,218964
0.107345,215880
0.107353,212796
0.107361,244264
0.107369,275504
0.107377,305316
0.107385,336156
0.107393,367324
0.107402,399192
0.10741,399192
0.107418,399192
0.107426,396108
0.107434,349520
0.107442,306344
0.10745,262140
0.107458,205600
0.107466,149060
0.107474,92520
0.107482,40470
0.107491,40092
0.107499,46260
0.107507,10280
0.107515,1028
0.107523,1028
0.107531,1028
0.107539,1028
0.107547,1028
0.107555,1028
0.107563,1028
0.107572,1028
0.10758,1028
0.107588,1028
0.107596,1028
0.107604,1028
0.107612,14392
0.10762,80812
0.107628,158312
0.107636,203544
0.107644,246720
0.107653,290924
0.107661,334100
0.107669,378304
0.107677,399892
0.107685,399892
0.107693,399892
0.107701,399892
0.107709,399892
0.107717,399892
0.107725,399892
0.107733,399892
0.107742,399592
0.10775,399592
0.107758,399592
0.107766,399892
0.107774,399892
0.107782,399892
0.10779,399892
0.107798,399892
0.107806,399892
0.107814,399892
0.107823,399242
0.107831,379710
0.107839,330366
0.107847,255322
0.107855,244664
0.107863,289896
0.107871,314568
0.107879,343352
0.107887,375220
0.107895,399892
0.107903,399892
0.107912,399892
0.10792,399892
0.107928,399892
0.107936,399892
0.107944,399892
0.107952,399892
0.10796,399892
0.107968,399892
0.107976,399892
0.107984,399892
0.107993,399892
0.108001,399892
0.108009,399892
0.108017,399892
0.108025,353632
0.108033,298648
0.108041,243136
0.108049,186596
0.108057,125416
0.108065,72988
0.108074,104856
0.108082,134668
0.10809,129528
0.108098,100744
0.108106,69904
0.108114,63736
0.108122,111024
0.10813,123360
0.108138,91492
0.108146,23644
0.108154,1028
0.108163,1028
0.108171,1028
0.108179,28784
0.108187,44204
0.108195,48316
0.108203,31868
0.108211,39064
0.108219,63736
0.108227,89436
0.108235,116164
0.108244,140836
0.108252,167264
0.10826,193342
0.108268,219342
0.108276,252888
0.108284,284756
0.108292,322792
0.1083,368024
0.108308,399892
0.108316,399892
0.108324,399892
0.108333,399492
0.108341,399492
0.108349,399492
0.108357,399892
0.108365,399492
0.108373,399492
0.108381,399492
0.108389,399892
0.108397,399892
0.108405,399892
0.108414,399892
0.108422,399892
0.10843,388584
0.108438,393724
0.108446,393724
0.108454,390640
0.108462,399892
0.10847,399920
0.108478,399920
0.108486,399920
0.108494,399920
0.108503,399892
0.108511,399892
0.108519,399892
0.108527,399892
0.108535,399892
0.108543,399892
0.108551,399892
0.108559,399892
0.108567,399892
0.108575,399892
0.108584,399892
0.108592,399892
0.1086,399892
0.108608,399892
0.108616,399892
0.108624,399892
0.108632,399892
0.10864,399892
0.108648,399392
0.108656,399392
0.108665,399892
0.108673,399892
0.108681,399892
0.108689,399892
0.108697,399892
0.108705,399892
0.108713,399892
0.108721,399892
0.108729,399892
0.108737,399892
0.108745,399892
0.108754,399892
0.108762,396808
0.10877,388084
0.108778,376776
0.108786,365168
0.108794,328160
0.108802,286512
0.10881,248476
0.108818,210740
0.108826,237468
0.108835,292980
0.108843,349220
0.108851,399592
0.108859,399592
0.108867,399892
0.108875,399892
0.108883,399892
0.108891,399892
0.108899,399892
0.108907,399892
0.108915,399892
0.108924,399892
0.108932,399592
0.10894,399592
0.108948,399592
0.108956,399892
0.108964,399492
0.108972,383044
0.10898,347064
0.108988,305944
0.108996,263168
0.109005,262140
0.109013,266252
0.109021,252888
0.109029,200460
0.109037,148032
0.109045,95604
0.109053,43176
0.109061,64764
0.109069,166536
0.109077,267708
0.109086,369680
0.109094,399492
0.109102,378932
0.10911,332672
0.109118,324448
0.109126,318680
0.109134,329988
0.109142,338212
0.10915,336884
0.109158,316324
0.109166,294736
0.109175,279616
0.109183,278588
0.109191,270364
0.109199,270364
0.109207,275504
0.109215,285784
0.109223,292980
0.109231,301204
0.109239,311484
0.109247,332044
0.109256,347464
0.109264,359800
0.109272,365968
0.10928,371108
0.109288,376248
0.109296,376248
0.109304,364940
0.109312,350548
0.10932,352732
0.109328,398992
0.109336,399892
0.109345,399892
0.109353,399892
0.109361,393724
0.109369,358772
0.109377,358772
0.109385,358772
0.109393,358900
0.109401,358900
0.109409,358900
0.109417,356844
0.109426,322392
0.109434,273048
0.109442,249932
0.10945,198532
0.109458,135196
0.109466,120276
0.109474,223076
0.109482,331016
0.10949,399892
0.109498,399892
0.109506,395780
0.109515,380360
0.109523,364940
0.109531,342324
0.109539,290924
0.109547,238496
0.109555,188124
0.109563,137102
0.109571,86030
0.109579,37008
0.109587,11308
0.109596,13364
0.109604,1028
0.109612,1028
0.10962,1028
0.109628,1028
0.109636,1028
0.109644,28784
0.109652,59624
0.10966,91492
0.109668,123360
0.109677,155228
0.109685,187096
0.109693,217936
0.109701,243636
0.109709,239524
0.109717,233784
0.109725,271820
0.109733,271820
0.109741,260084
0.109749,244664
0.109757,206628
0.109766,167564
0.109774,130556
0.109782,95604
0.10979,113080
0.109798,147004
0.109806,178872
0.109814,211768
0.109822,243636
0.10983,276532
0.109838,310884
0.109847,343780
0.109855,377704
0.109863,399292
0.109871,399892
0.109879,399892
0.109887,354660
0.109895,292980
0.109903,223804
0.109911,153900
0.109919,94276
0.109927,21588
0.109936,1028
0.109944,1028
0.109952,1028
0.10996,17476
0.109968,65792
0.109976,76072
0.109984,127472
0.109992,129528
0.11,143920
0.110008,199432
0.110017,244664
0.110025,317652
0.110033,378304
0.110041,375220
0.110049,336156
0.110057,323820
0.110065,313540
0.110073,235412
0.110081,173732
0.110089,143920
0.110098,78128
0.110106,50372
0.110114,92520
0.110122,114108
0.11013,138780
0.110138,180928
0.110146,228216
0.110154,277560
0.110162,329988
0.11017,375220
0.110178,382416
0.110187,399892
0.110195,399892
0.110203,399892
0.110211,399892
0.110219,399892
0.110227,399892
0.110235,399892
0.110243,399892
0.110251,399892
0.110259,399392
0.110268,399392
0.110276,399392
0.110284,399392
0.110292,367524
0.1103,309428
0.110308,237468
0.110316,266252
0.110324,273826
0.110332,275882
0.11034,278966
0.110348,279616
0.110357,278588
0.110365,277560
0.110373,273448
0.110381,258028
0.110389,265224
0.110397,262468
0.110405,270692
0.110413,277888
0.110421,286812
0.110429,329988
0.110438,378304
0.110446,385500
0.110454,387556
0.110462,365968
0.11047,322792
0.110478,281672
0.110486,242008
0.110494,203972
0.110502,158312
0.11051,101172
0.110518,70610
0.110527,44204
0.110535,34952
0.110543,12336
0.110551,1028
0.110559,1028
0.110567,1028
0.110575,1028
0.110583,17476
0.110591,17476
0.110599,55512
0.110608,101372
0.110616,140336
0.110624,137252
0.110632,83268
0.11064,84296
0.110648,142892
0.110656,226888
0.110664,267280
0.110672,295036
0.11068,326904
0.110689,392696
0.110697,399892
0.110705,399892
0.110713,399892
0.110721,399892
0.110729,399892
0.110737,399892
0.110745,399892
0.110753,399892
0.110761,399892
0.110769,399892
0.110778,399892
0.110786,399892
0.110794,399892
0.110802,399892
0.11081,399892
0.110818,399892
0.110826,399892
0.110834,399892
0.110842,399892
0.11085,399892
0.110859,399892
0.110867,399892
0.110875,399892
0.110883,334100
0.110891,244664
0.110899,155228
0.110907,69904
0.110915,47288
0.110923,87380
0.110931,160368
0.110939,216908
0.110948,246720
0.110956,255972
0.110964,240552
0.110972,215880
0.11098,188124
0.110988,180928
0.110996,260712
0.111004,347064
0.111012,399892
0.11102,399892
0.111029,399892
0.111037,399892
0.111045,399892
0.111053,399892
0.111061,399892
0.111069,381388
0.111077,374192
0.111085,363912
0.111093,351576
0.111101,340796
0.11111,329488
0.111118,318180
0.111126,298648
0.111134,264196
0.111142,230500
0.11115,240080
0.111158,211296
0.111166,258756
0.111174,324548
0.111182,345408
0.11119,376248
0.111199,399892
0.111207,399892
0.111215,390640
0.111223,355688
0.111231,322792
0.111239,321764
0.111247,337184
0.111255,352604
0.111263,369052
0.111271,384472
0.11128,399892
0.111288,399892
0.111296,399892
0.111304,399892
0.111312,399892
0.11132,399492
0.111328,399492
0.111336,399492
0.111344,399892
0.111352,399892
0.11136,399892
0.111369,399892
0.111377,399892
0.111385,399892
0.111393,364540
0.111401,305944
0.111409,242208
0.111417,233356
0.111425,233684
0.111433,214152
0.111441,169948
0.11145,215880
0.111458,284756
0.111466,341296
0.111474,390640
0.111482,399892
0.11149,399892
0.111498,399492
0.111506,399492
0.111514,399492
0.111522,399892
0.11153,399892
0.111539,399892
0.111547,399892
0.111555,399892
0.111563,399892
0.111571,399592
0.111579,399592
0.111587,399592
0.111595,399892
0.111603,399892
0.111611,399670
0.11162,399670
0.111628,399670
0.111636,399998
0.111644,399192
0.111652,399192
0.11166,386856
0.111668,342252
0.111676,357744
0.111684,397836
0.111692,399892
0.111701,399892
0.111709,399892
0.111717,399892
0.111725,399892
0.111733,399892
0.111741,399892
0.111749,399770
0.111757,399770
0.111765,399770
0.111773,399892
0.111781,399892
0.11179,399892
0.111798,397836
0.111806,391668
0.111814,376248
0.111822,324848
0.11183,276532
0.111838,227188
0.111846,188124
0.111854,175788
0.111862,213824
0.111871,249804
0.111879,273448
0.111887,250832
0.111895,227188
0.111903,274476
0.111911,298648
0.111919,322292
0.111927,339468
0.111935,356416
0.111943,358472
0.111951,311184
0.11196,263168
0.111968,224832
0.111976,188852
0.111984,151116
0.111992,139808
0.112,102800
0.112008,67848
0.112016,47288
0.112024,65792
0.112032,95604
0.112041,123360
0.112049,196348
0.112057,210740
0.112065,252888
0.112073,275504
0.112081,266252
0.112089,238496
0.112097,201488
0.112105,232328
0.112113,266880
0.112122,301832
0.11213,336156
0.112138,335128
0.112146,329988
0.112154,325876
0.112162,321264
0.11217,319208
0.112178,303138
0.112186,273826
0.112194,254294
0.112202,288596
0.112211,303516
0.112219,300432
0.112227,301732
0.112235,300704
0.112243,291452
0.112251,261640
0.112259,232328
0.112267,191208
0.112275,151494
0.112283,108968
0.112292,105884
0.1123,105884
0.112308,87380
0.112316,60002
0.112324,79156
0.112332,104856
0.11234,130556
0.112348,157284
0.112356,179600
0.112364,201188
0.112372,224104
0.112381,246720
0.112389,270742
0.112397,292330
0.112405,311712
0.112413,323548
0.112421,316352
0.112429,295792
0.112437,354660
0.112445,355688
0.112453,337562
0.112462,307250
0.11247,274354
0.112478,241080
0.112486,210740
0.112494,195748
0.112502,213652
0.11251,179728
0.112518,118220
0.112526,169120
0.112534,178872
0.112542,181956
0.112551,180928
0.112559,179900
0.112567,134668
0.112575,63736
0.112583,1028
0.112591,1028
0.112599,1028
0.112607,1028
0.112615,1028
0.112623,1028
0.112632,1028
0.11264,58596
0.112648,91492
0.112656,94576
0.112664,38036
0.112672,1028
0.11268,1028
0.112688,1028
0.112696,21588
0.112704,50372
0.112713,80184
0.112721,95604
0.112729,82240
0.112737,62708
0.112745,42148
0.112753,40092
0.112761,46260
0.112769,40092
0.112777,31218
0.112785,56540
0.112793,61680
0.112802,60652
0.11281,14392
0.112818,1028
0.112826,1028
0.112834,1028
0.112842,1028
0.11285,1028
0.112858,1028
0.112866,1028
0.112874,1028
0.112883,1028
0.112891,58596
0.112899,138380
0.112907,150716
0.112915,162424
0.112923,174760
0.112931,181956
0.112939,165508
0.112947,182984
0.112955,167564
0.112963,115136
0.112972,63736
0.11298,7196
0.112988,1028
0.112996,1028
0.113004,1028
0.113012,1028
0.11302,1028
0.113028,1028
0.113036,1028
0.113044,1028
0.113053,1028
0.113061,1028
0.113069,1028
0.113077,9252
0.113085,17476
0.113093,9252
0.113101,1028
0.113109,1028
0.113117,1028
0.113125,1028
0.113134,1028
0.113142,1028
0.11315,1028
0.113158,1028
0.113166,1028
0.113174,1028
0.113182,1028
0.11319,11308
0.113198,43176
0.113206,72588
0.113214,124388
0.113223,225132
0.113231,326904
0.113239,399892
0.113247,399892
0.113255,399892
0.113263,399892
0.113271,399892
0.113279,399242
0.113287,399242
0.113295,399242
0.113304,399892
0.113312,399892
0.11332,399870
0.113328,399870
0.113336,399870
0.113344,399870
0.113352,399892
0.11336,399892
0.113368,399892
0.113376,399892
0.113384,399892
0.113393,399892
0.113401,399892
0.113409,399892
0.113417,399892
0.113425,399892
0.113433,399892
0.113441,399892
0.113449,399892
0.113457,399892
0.113465,399892
0.113474,399892
0.113482,399892
0.11349,397836
0.113498,399892
0.113506,399892
0.113514,399892
0.113522,399892
0.11353,364940
0.113538,298120
0.113546,219592
0.113554,141464
0.113563,62308
0.113571,71960
0.113579,71960
0.113587,21588
0.113595,1028
0.113603,1028
0.113611,1028
0.113619,1028
0.113627,1028
0.113635,1028
0.113644,1028
0.113652,9252
0.11366,32896
0.113668,54484
0.113676,83268
0.113684,90464
0.113692,62708
0.1137,45232
0.113708,68876
0.113716,70932
0.113725,94576
0.113733,118220
0.113741,142892
0.113749,167564
0.113757,215230
0.113765,295036
0.113773,315596
0.113781,338212
0.113789,358772
0.113797,381388
0.113805,399492
0.113814,399492
0.113822,399492
0.11383,399892
0.113838,399892
0.113846,399892
0.113854,399492
0.113862,399492
0.11387,399892
0.113878,399892
0.113886,399892
0.113895,399892
0.113903,399892
0.113911,399892
0.113919,399892
0.113927,399892
0.113935,399292
0.113943,381816
0.113951,356716
0.113959,395780
0.113967,399892
0.113975,399892
0.113984,399892
0.113992,399892
0.114,399892
0.114008,399892
0.114016,399892
0.114024,392396
0.114032,399892
0.11404,399892
0.114048,399892
0.114056,372136
0.114065,366496
0.114073,339768
0.114081,324848
0.114089,324848
0.114097,324848
0.114105,323820
0.114113,323820
0.114121,323820
0.114129,289896
0.114137,219992
0.114146,150088
0.114154,81212
0.114162,12336
0.11417,1028
0.114178,1028
0.114186,1028
0.114194,1028
0.114202,1028
0.11421,35980
0.114218,52428
0.114226,66820
0.114235,82240
0.114243,85324
0.114251,61680
0.114259,14392
0.114267,1028
0.114275,41120
0.114283,42148
0.114291,10280
0.114299,1028
0.114307,1028
0.114316,1028
0.114324,1028
0.114332,1028
0.11434,1028
0.114348,1028
0.114356,1028
0.114364,1028
0.114372,1028
0.11438,1028
0.114388,1028
0.114396,1028
0.114405,1028
0.114413,1028
0.114421,1028
0.114429,52428
0.114437,50372
0.114445,27756
0.114453,11308
0.114461,12336
0.114469,1028
0.114477,1028
0.114486,1028
0.114494,1028
0.114502,1028
0.11451,1028
0.114518,1028
0.114526,1028
0.114534,1028
0.114542,1028
0.11455,1028
0.114558,1028
0.114566,1028
0.114575,1028
0.114583,1028
0.114591,1028
0.114599,90464
0.114607,138780
0.114615,148032
0.114623,185040
0.114631,188124
0.114639,148032
0.114647,86352
0.114656,54484
0.114664,33924
0.114672,19532
0.11468,86352
0.114688,84296
0.114696,58596
0.114704,33924
0.114712,8224
0.11472,1028
0.114728,1028
0.114737,1028
0.114745,1028
0.114753,1028
0.114761,1028
0.114769,1028
0.114777,13364
0.114785,100744
0.114793,193264
0.114801,202516
0.114809,202516
0.114817,202516
0.114826,202516
0.114834,202516
0.114842,166536
0.11485,64764
0.114858,59624
0.114866,42148
0.114874,28784
0.114882,62708
0.11489,57568
0.114898,26728
0.114907,1028
0.114915,1028
0.114923,1028
0.114931,1028
0.114939,1028
0.114947,1028
0.114955,1028
0.114963,1028
0.114971,1028
0.114979,77100
0.114987,158312
0.114996,237996
0.115004,299876
0.115012,301932
0.11502,285484
0.115028,268308
0.115036,251860
0.115044,234384
0.115052,216908
0.11506,200460
0.115068,163452
0.115077,149588
0.115085,169998
0.115093,201488
0.115101,210740
0.115109,228544
0.115117,248076
0.115125,248076
0.115133,233356
0.115141,256350
0.115149,291302
0.115158,325226
0.115166,361856
0.115174,396808
0.115182,399892
0.11519,397836
0.115198,396808
0.115206,388584
0.115214,372136
0.115222,369052
0.11523,351576
0.115238,338590
0.115247,396886
0.115255,399970
0.115263,399970
0.115271,399892
0.115279,399892
0.115287,399892
0.115295,399192
0.115303,399192
0.115311,399192
0.115319,399892
0.115328,399892
0.115336,399892
0.115344,399892
0.115352,396808
0.11536,399892
0.115368,391668
0.115376,372136
0.115384,377276
0.115392,320736
0.1154,254344
0.115408,225560
0.115417,178272
0.115425,149060
0.115433,160368
0.115441,233056
0.115449,327632
0.115457,353410
0.115465,398942
0.115473,399970
0.115481,399998
0.115489,399998
0.115498,399620
0.115506,399620
0.115514,399892
0.115522,399892
0.11553,399892
0.115538,399892
0.115546,399892
0.115554,399892
0.115562,399392
0.11557,345936
0.115578,308928
0.115587,243864
0.115595,163780
0.115603,99716
0.115611,105884
0.115619,61758
0.115627,1028
0.115635,1028
0.115643,1028
0.115651,1028
0.115659,1028
0.115668,1028
0.115676,1028
0.115684,1028
0.115692,1028
0.1157,1028
0.115708,1028
0.115716,1028
0.115724,1028
0.115732,1028
0.11574,1028
0.115749,1028
0.115757,1028
0.115765,1028
0.115773,1028
0.115781,1028
0.115789,1028
0.115797,1028
0.115805,1028
0.115813,1028
0.115821,1028
0.115829,1028
0.115838,1028
0.115846,1028
0.115854,24672
0.115862,156256
0.11587,271392
0.115878,369052
0.115886,399892
0.115894,399892
0.115902,399892
0.11591,399892
0.115919,399892
0.115927,373692
0.115935,347992
0.115943,313040
0.115951,285284
0.115959,293508
0.115967,262668
0.115975,214552
0.115983,154928
0.115991,149060
0.115999,154200
0.116008,153172
0.116016,142892
0.116024,134668
0.116032,178872
0.11604,162424
0.116048,71960
0.116056,31868
0.116064,1028
0.116072,1028
0.11608,1028
0.116089,1028
0.116097,1028
0.116105,30840
0.116113,58596
0.116121,35980
0.116129,47288
0.116137,79156
0.116145,112052
0.116153,155228
0.116161,182584
0.11617,195020
0.116178,205300
0.116186,204272
0.116194,203544
0.116202,218314
0.11621,252888
0.116218,283028
0.116226,303588
0.116234,319008
0.116242,322192
0.11625,326304
0.116259,323748
0.116267,319636
0.116275,304816
0.116283,259056
0.116291,257000
0.116299,276532
0.116307,279616
0.116315,274476
0.116323,268686
0.116331,255322
0.11634,234384
0.116348,235412
0.116356,169998
0.116364,91370
0.116372,48316
0.11638,54484
0.116388,102800
0.116396,156256
0.116404,177844
0.116412,180928
0.11642,186068
0.116429,199432
0.116437,198404
0.116445,196348
0.116453,195320
0.116461,217936
0.116469,248776
0.116477,280644
0.116485,326404
0.116493,399392
0.116501,399392
0.11651,399892
0.116518,399892
0.116526,394752
0.116534,390640
0.116542,366996
0.11655,317002
0.116558,284756
0.116566,297092
0.116574,298120
0.116582,244664
0.11659,374192
0.116599,399892
0.116607,399892
0.116615,399892
0.116623,399892
0.116631,399892
0.116639,399892
0.116647,399892
0.116655,399892
0.116663,399892
0.116671,399892
0.11668,399892
0.116688,399592
0.116696,399592
0.116704,394452
0.116712,382416
0.11672,361856
0.116728,397836
0.116736,399892
0.116744,398864
0.116752,370986
0.116761,369958
0.116769,359800
0.116777,384472
0.116785,399892
0.116793,399892
0.116801,399892
0.116809,399892
0.116817,399892
0.116825,399892
0.116833,399892
0.116841,399892
0.11685,399892
0.116858,399892
0.116866,399892
0.116874,399892
0.116882,399892
0.11689,399892
0.116898,399892
0.116906,399892
0.116914,399892
0.116922,399892
0.116931,399892
0.116939,399892
0.116947,399892
0.116955,399892
0.116963,399892
0.116971,399892
0.116979,399892
0.116987,399892
0.116995,399892
0.117003,399492
0.117011,399492
0.11702,392374
0.117028,399570
0.117036,399192
0.117044,399192
0.117052,399892
0.11706,399892
0.117068,399892
0.117076,399892
0.117084,399892
0.117092,399892
0.117101,399892
0.117109,399892
0.117117,399892
0.117125,399892
0.117133,399592
0.117141,399592
0.117149,399892
0.117157,399892
0.117165,399892
0.117173,399892
0.117182,399892
0.11719,399892
0.117198,399892
0.117206,399892
0.117214,399970
0.117222,399970
0.11723,399970
0.117238,399892
0.117246,399892
0.117254,399392
0.117262,399392
0.117271,399392
0.117279,399892
0.117287,399892
0.117295,399892
0.117303,399892
0.117311,399892
0.117319,399892
0.117327,399892
0.117335,399892
0.117343,399892
0.117352,399892
0.11736,399892
0.117368,399892
0.117376,399892
0.117384,399892
0.117392,399892
0.1174,399892
0.117408,399892
0.117416,399892
0.117424,399892
0.117432,399892
0.117441,399892
0.117449,399892
0.117457,399892
0.117465,399892
0.117473,399892
0.117481,399892
0.117489,399892
0.117497,399892
0.117505,399892
0.117513,399892
0.117522,399892
0.11753,399892
0.117538,399892
0.117546,399892
0.117554,399592
0.117562,399592
0.11757,399592
0.117578,399892
0.117586,399892
0.117594,399892
0.117602,399892
0.117611,399892
0.117619,399892
0.117627,399892
0.117635,399892
0.117643,399892
0.117651,399292
0.117659,399292
0.117667,399292
0.117675,399892
0.117683,399892
0.117692,399892
0.1177,399892
0.117708,399892
0.117716,399892
0.117724,399892
0.117732,399892
0.11774,399892
0.117748,381388
0.117756,348492
0.117764,312512
0.117773,268308
0.117781,249804
0.117789,232328
0.117797,195320
0.117805,196348
0.117813,184012
0.117821,169620
0.117829,155228
0.117837,139808
0.117845,121304
0.117853,97660
0.117862,107940
0.11787,126144
0.117878,142892
0.117886,163452
0.117894,170648
0.117902,182984
0.11791,187096
0.117918,190180
0.117926,198404
0.117934,193264
0.117943,249804
0.117951,262368
0.117959,303260
0.117967,318680
0.117975,318680
0.117983,317152
0.117991,334328
0.117999,350248
0.118007,366696
0.118015,378732
0.118023,391368
0.118032,398564
0.11804,399892
0.118048,399892
0.118056,398492
0.118064,373820
0.118072,333072
0.11808,360828
0.118088,387556
0.118096,399892
0.118104,399892
0.118113,399892
0.118121,399892
0.118129,399892
0.118137,399892
0.118145,399892
0.118153,399892
0.118161,399892
0.118169,399892
0.118177,399892
0.118185,399892
0.118194,399892
0.118202,399892
0.11821,399892
0.118218,399892
0.118226,399292
0.118234,399292
0.118242,399292
0.11825,399892
0.118258,399892
0.118266,395780
0.118274,371108
0.118283,362284
0.118291,319108
0.118299,256400
0.118307,251260
0.118315,196348
0.118323,167564
0.118331,227188
0.118339,226160
0.118347,194292
0.118355,166536
0.118364,168592
0.118372,212146
0.11838,295942
0.118388,300004
0.118396,302060
0.118404,295036
0.118412,362884
0.11842,399892
0.118428,399892
0.118436,399892
0.118444,399892
0.118453,399892
0.118461,399892
0.118469,399892
0.118477,399892
0.118485,399392
0.118493,399392
0.118501,399392
0.118509,399392
0.118517,399892
0.118525,399892
0.118534,398864
0.118542,398864
0.11855,399892
0.118558,399892
0.118566,399892
0.118574,399892
0.118582,398864
0.11859,398864
0.118598,398864
0.118606,398864
0.118614,398864
0.118623,399892
0.118631,399892
0.118639,399892
0.118647,399892
0.118655,398864
0.118663,356716
0.118671,356716
0.118679,357744
0.118687,357744
0.118695,357744
0.118704,357744
0.118712,357744
0.11872,357744
0.118728,358272
0.118736,358272
0.118744,358272
0.118752,358650
0.11876,359150
0.118768,399392
0.118776,399392
0.118785,399392
0.118793,399892
0.118801,399242
0.118809,399242
0.118817,399242
0.118825,399892
0.118833,399892
0.118841,399892
0.118849,399892
0.118857,399870
0.118865,399870
0.118874,399870
0.118882,399892
0.11889,399892
0.118898,399892
0.118906,399892
0.118914,382416
0.118922,370080
0.11893,365968
0.118938,360828
0.118946,359800
0.118955,359800
0.118963,359800
0.118971,359800
0.118979,291952
0.118987,219992
0.118995,156256
0.119003,176816
0.119011,173732
0.119019,170648
0.119027,167564
0.119035,163452
0.119044,160368
0.119052,156884
0.11906,152772
0.119068,157284
0.119076,157284
0.119084,151116
0.119092,140186
0.1191,131584
0.119108,126444
0.119116,123360
0.119125,119248
0.119133,109996
0.119141,99716
0.119149,91492
0.119157,85324
0.119165,187096
0.119173,288868
0.119181,384472
0.119189,399892
0.119197,399892
0.119206,399892
0.119214,399892
0.119222,399392
0.11923,399392
0.119238,393224
0.119246,377904
0.119254,399492
0.119262,399492
0.11927,399892
0.119278,399892
0.119286,399892
0.119295,399242
0.119303,399242
0.119311,399242
0.119319,399892
0.119327,399892
0.119335,399892
0.119343,399892
0.119351,399892
0.119359,399892
0.119367,399892
0.119376,399892
0.119384,399892
0.119392,399892
0.1194,399892
0.119408,399892
0.119416,399892
0.119424,399892
0.119432,399892
0.11944,399892
0.119448,399892
0.119456,399892
0.119465,399892
0.119473,399892
0.119481,399892
0.119489,399892
0.119497,399892
0.119505,399892
0.119513,399892
0.119521,399892
0.119529,399892
0.119537,399892
0.119546,399892
0.119554,399892
0.119562,399892
0.11957,399892
0.119578,399892
0.119586,399892
0.119594,399892
0.119602,399492
0.11961,399492
0.119618,399492
0.119626,399492
0.119635,399892
0.119643,399892
0.119651,399892
0.119659,399892
0.119667,399892
0.119675,399892
0.119683,399892
0.119691,399892
0.119699,399892
0.119707,399892
0.119716,399920
0.119724,399892
0.119732,399892
0.11974,399820
0.119748,399820
0.119756,399820
0.119764,399892
0.119772,399892
0.11978,399392
0.119788,399392
0.119797,399392
0.119805,399392
0.119813,399892
0.119821,399892
0.119829,399892
0.119837,399892
0.119845,399892
0.119853,399892
0.119861,398992
0.119869,399892
0.119877,399520
0.119886,399520
0.119894,399392
0.119902,399392
0.11991,399892
0.119918,399892
0.119926,399892
0.119934,399892
0.119942,399892
0.11995,399892
0.119958,399892
0.119967,399892
0.119975,399892
0.119983,399242
0.119991,399892
0.119999,399892
0.120007,399892
0.120015,397836
0.120023,399892
0.120031,399892
0.120039,399892
0.120047,399892
0.120056,399892
0.120064,399892
0.120072,399892
0.12008,399892
0.120088,399892
0.120096,399892
0.120104,399892
0.120112,399892
0.12012,399892
0.120128,399892
0.120137,399892
0.120145,399892
0.120153,399892
0.120161,399892
0.120169,397836
0.120177,358772
0.120185,319708
0.120193,298120
0.120201,297092
0.120209,295036
0.120218,291952
0.120226,280644
0.120234,238496
0.120242,198404
0.12025,156256
0.120258,103828
0.120266,48316
0.120274,1028
0.120282,1028
0.12029,1028
0.120298,1028
0.120307,1028
0.120315,1028
0.120323,1028
0.120331,1028
0.120339,1028
0.120347,1028
0.120355,1028
0.120363,1028
0.120371,1028
0.120379,1028
0.120388,1028
0.120396,1028
0.120404,1028
0.120412,1028
0.12042,1028
0.120428,1028
0.120436,1028
0.120444,1028
0.120452,1028
0.12046,1028
0.120468,1028
0.120477,1028
0.120485,1028
0.120493,1028
0.120501,1028
0.120509,1028
0.120517,1028
0.120525,1028
0.120533,1028
0.120541,1028
0.120549,1028
0.120558,1028
0.120566,1028
0.120574,1028
0.120582,1028
0.12059,1028
0.120598,1028
0.120606,1028
0.120614,1028
0.120622,1028
0.12063,1028
0.120638,1028
0.120647,1028
0.120655,1028
0.120663,1028
0.120671,1028
0.120679,1028
0.120687,1028
0.120695,1028
0.120703,1028
0.120711,1028
0.120719,1028
0.120728,1028
0.120736,1028
0.120744,1028
0.120752,1028
0.12076,1028
0.120768,1028
0.120776,1028
0.120784,1028
0.120792,1028
0.1208,1028
0.120809,1028
0.120817,1028
0.120825,1028
0.120833,1028
0.120841,1028
0.120849,1028
0.120857,1028
0.120865,1028
0.120873,1028
0.120881,1028
0.120889,1028
0.120898,1028
0.120906,1028
0.120914,1028
0.120922,1028
0.12093,1028
0.120938,1028
0.120946,1028
0.120954,1028
0.120962,1028
0.12097,1028
0.120979,1028
0.120987,1028
0.120995,1028
0.121003,1028
0.121011,1028
0.121019,1028
0.121027,1028
0.121035,1028
0.121043,1028
0.121051,1028
0.121059,1028
0.121068,1028
0.121076,1028
0.121084,1028
0.121092,1028
0.1211,1028
0.121108,1028
0.121116,1028
0.121124,1028
0.121132,1028
0.12114,1028
0.121149,1028
0.121157,1028
0.121165,1028
0.121173,1028
0.121181,1028
0.121189,1028
0.121197,1028
0.121205,1028
0.121213,1028
0.121221,1028
0.12123,1028
0.121238,1028
0.121246,1028
0.121254,1028
0.121262,1028
0.12127,1028
0.121278,1028
0.121286,1028
0.121294,1028
0.121302,1028
0.12131,1028
0.121319,1028
0.121327,1028
0.121335,1028
0.121343,1028
0.121351,1028
0.121359,1028
0.121367,1028
0.121375,8224
0.121383,22616
0.121391,35980
0.1214,50372
0.121408,63736
0.121416,78128
0.121424,91492
0.121432,96632
0.12144,68876
0.121448,30840
0.121456,1028
0.121464,1028
0.121472,1028
0.12148,1028
0.121489,1028
0.121497,1028
0.121505,1028
0.121513,1028
0.121521,1028
0.121529,1028
0.121537,1028
0.121545,1028
0.121553,1028
0.121561,1028
0.12157,1028
0.121578,1028
0.121586,1028
0.121594,1028
0.121602,1028
0.12161,1028
0.121618,1028
0.121626,1028
0.121634,1028
0.121642,1028
0.12165,1028
0.121659,1028
0.121667,1028
0.121675,1028
0.121683,1028
0.121691,1028
0.121699,1028
0.121707,1028
0.121715,1028
0.121723,1028
0.121731,1028
0.12174,1028
0.121748,1028
0.121756,1028
0.121764,1028
0.121772,1028
0.12178,1028
0.121788,1028
0.121796,1028
0.121804,1028
0.121812,1028
0.121821,1028
0.121829,1028
0.121837,1028
0.121845,1028
0.121853,1028
0.121861,1028
0.121869,1028
0.121877,1028
0.121885,1028
0.121893,1028
0.121901,1028
0.12191,4112
0.121918,13364
0.121926,22616
0.121934,32896
0.121942,42148
0.12195,53456
0.121958,63736
0.121966,75044
0.121974,86352
0.121982,98688
0.121991,109996
0.121999,122332
0.122007,135696
0.122015,149060
0.122023,162424
0.122031,176816
0.122039,191208
0.122047,205600
0.122055,219992
0.122063,235412
0.122071,251860
0.12208,268308
0.122088,284756
0.122096,301204
0.122104,318680
0.122112,336156
0.12212,353632
0.122128,372136
0.122136,390640
0.122144,399892
0.122152,399892
0.122161,399892
0.122169,399892
0.122177,399892
0.122185,399892
0.122193,399892
0.122201,399892
0.122209,399892
0.122217,399892
0.122225,399892
0.122233,399892
0.122242,399892
0.12225,399892
0.122258,399892
0.122266,399892
0.122274,399892
0.122282,399892
0.12229,399892
0.122298,399892
0.122306,399892
0.122314,399892
0.122322,399892
0.122331,399892
0.122339,399892
0.122347,399892
0.122355,399892
0.122363,399892
0.122371,399892
0.122379,399892
0.122387,399892
0.122395,399892
0.122403,399892
0.122412,399892
0.12242,399892
0.122428,399892
0.122436,399892
0.122444,399892
0.122452,399892
0.12246,399892
0.122468,399892
0.122476,399892
0.122484,399892
0.122492,399892
0.122501,399892
0.122509,399892
0.122517,399892
0.122525,399892
0.122533,399892
0.122541,399892
0.122549,399892
0.122557,399892
0.122565,398864
0.122573,382416
0.122582,366996
0.12259,350548
0.122598,336156
0.122606,320736
0.122614,304288
0.122622,289896
0.12263,275504
0.122638,261112
0.122646,246720
0.122654,233356
0.122662,218964
0.122671,205600
0.122679,192236
0.122687,178872
0.122695,166536
0.122703,145976
0.122711,104856
0.122719,64764
0.122727,24672
0.122735,1028
0.122743,1028
0.122752,1028
0.12276,1028
0.122768,1028
0.122776,1028
0.122784,1028
0.122792,1028
0.1228,1028
0.122808,1028
0.122816,1028
0.122824,1028
0.122833,1028
0.122841,1028
0.122849,1028
0.122857,1028
0.122865,1028
0.122873,1028
0.122881,1028
0.122889,1028
0.122897,1028
0.122905,1028
0.122913,1028
0.122922,1028
0.12293,1028
0.122938,1028
0.122946,1028
0.122954,1028
0.122962,1028
0.12297,1028
0.122978,1028
0.122986,1028
0.122994,1028
0.123003,1028
0.123011,1028
0.123019,1028
0.123027,1028
0.123035,1028
0.123043,1028
0.123051,1028
0.123059,1028
0.123067,1028
0.123075,1028
0.123083,1028
0.123092,1028
0.1231,1028
0.123108,1028
0.123116,1028
0.123124,1028
0.123132,1028
0.12314,1028
0.123148,1028
0.123156,1028
0.123164,1028
0.123173,1028
0.123181,1028
0.123189,1028
0.123197,1028
0.123205,1028
0.123213,1028
0.123221,1028
0.123229,1028
0.123237,1028
0.123245,1028
0.123254,1028
0.123262,1028
0.12327,1028
0.123278,1028
0.123286,1028
0.123294,1028
0.123302,1028
0.12331,1028
0.123318,1028
0.123326,1028
0.123334,1028
0.123343,1028
0.123351,1028
0.123359,1028
0.123367,1028
0.123375,1028
0.123383,1028
0.123391,1028
0.123399,1028
0.123407,1028
0.123415,1028
0.123424,1028
0.123432,1028
0.12344,1028
0.123448,1028
0.123456,1028
0.123464,1028
0.123472,1028
0.12348,1028
0.123488,1028
0.123496,1028
0.123504,1028
0.123513,1028
0.123521,1028
0.123529,1028
0.123537,1028
0.123545,1028
0.123553,1028
0.123561,1028
0.123569,1028
0.123577,1028
0.123585,1028
0.123594,1028
0.123602,1028
0.12361,1028
0.123618,1028
0.123626,1028
0.123634,1028
0.123642,1028
0.12365,1028
0.123658,1028
0.123666,1028
0.123674,1028
0.123683,1028
0.123691,1028
0.123699,1028
0.123707,1028
0.123715,1028
0.123723,1028
0.123731,1028
0.123739,1028
0.123747,1028
0.123755,1028
0.123764,1028
0.123772,1028
0.12378,1028
0.123788,1028
0.123796,1028
0.123804,1028
0.123812,1028
0.12382,1028
0.123828,1028
0.123836,1028
0.123845,1028
0.123853,1028
0.123861,1028
0.123869,1028
0.123877,1028
0.123885,1028
0.123893,1028
0.123901,1028
0.123909,1028
0.123917,1028
0.123925,1028
0.123934,1028
0.123942,1028
0.12395,1028
0.123958,1028
0.123966,1028
0.123974,1028
0.123982,1028
0.12399,1028
0.123998,1028
0.124006,1028
0.124015,1028
0.124023,1028
0.124031,1028
0.124039,1028
0.124047,1028
0.124055,1028
0.124063,1028
0.124071,1028
0.124079,1028
0.124087,1028
0.124095,1028
0.124104,1028
0.124112,1028
0.12412,1028
0.124128,1028
0.124136,1028
0.124144,1028
0.124152,1028
0.12416,1028
0.124168,1028
0.124176,1028
0.124185,1028
0.124193,1028
0.124201,1028
0.124209,1028
0.124217,1028
0.124225,1028
0.124233,1028
0.124241,1028
0.124249,1028
0.124257,1028
0.124266,1028
0.124274,1028
0.124282,1028
0.12429,1028
0.124298,1028
0.124306,1028
0.124314,1028
0.124322,1028
0.12433,1028
0.124338,1028
0.124346,1028
0.124355,1028
0.124363,1028
0.124371,1028
0.124379,1028
0.124387,1028
0.124395,1028
0.124403,1028
0.124411,1028
0.124419,1028
0.124427,1028
0.124436,1028
0.124444,1028
0.124452,1028
0.12446,1028
0.124468,1028
0.124476,1028
0.124484,1028
0.124492,1028
0.1245,1028
0.124508,1028
0.124516,1028
0.124525,1028
0.124533,1028
0.124541,1028
0.124549,1028
0.124557,1028
0.124565,1028
0.124573,1028
0.124581,1028
0.124589,1028
0.124597,1028
0.124606,1028
0.124614,1028
0.124622,1028
0.12463,1028
0.124638,1028
0.124646,1028
0.124654,1028
0.124662,1028
0.12467,1028
0.124678,1028
0.124686,1028
0.124695,1028
0.124703,1028
0.124711,1028
0.124719,1028
0.124727,1028
0.124735,1028
0.124743,1028
0.124751,1028
0.124759,1028
